GeographyID,City,State,Country,Region
78,"Paris","Ile-de-France","United States","Central"
84,"Boulogne-Billancourt","Ile-de-France","United States","Central"
85,"Malakoff","Ile-de-France","United States","Central"
103,"Chelles","Ile-de-France","United States","Central"
142,"Argenteuil","Ile-de-France","United States","Central"
145,"Plaisir","Ile-de-France","United States","Central"
229,"Vincennes","Ile-de-France","United States","Central"
259,"Ivry-sur-Seine","Ile-de-France","United States","Central"
300,"Antony","Ile-de-France","United States","Central"
345,"Deuil-la-Barre","Ile-de-France","United States","Central"
361,"Levallois-Perret","Ile-de-France","United States","Central"
385,"Clamart","Ile-de-France","United States","Central"
393,"Bondy","Ile-de-France","United States","Central"
413,"Puteaux","Ile-de-France","United States","Central"
492,"Villiers-le-Bel","Ile-de-France","United States","Central"
496,"Saint-Denis","Ile-de-France","United States","Central"
535,"Le Chesnay","Ile-de-France","United States","Central"
583,"Villeneuve-Saint-Georges","Ile-de-France","United States","Central"
606,"Noisy-le-Grand","Ile-de-France","United States","Central"
648,"Bagneux","Ile-de-France","United States","Central"
654,"Clichy-sous-Bois","Ile-de-France","United States","Central"
746,"Cachan","Ile-de-France","United States","Central"
771,"Saint-Germain-en-Laye","Ile-de-France","United States","Central"
815,"Fontainebleau","Ile-de-France","United States","Central"
824,"Nanterre","Ile-de-France","United States","Central"
889,"Grigny","Ile-de-France","United States","Central"
893,"Cergy","Ile-de-France","United States","Central"
914,"Bry-sur-Marne","Ile-de-France","United States","Central"
947,"Neuilly-sur-Seine","Ile-de-France","United States","Central"
992,"Montreuil","Ile-de-France","United States","Central"
1031,"Mantes-la-Jolie","Ile-de-France","United States","Central"
1066,"Drancy","Ile-de-France","United States","Central"
1072,"Stains","Ile-de-France","United States","Central"
1076,"Bagnolet","Ile-de-France","United States","Central"
1108,"Versailles","Ile-de-France","United States","Central"
1151,"Sannois","Ile-de-France","United States","Central"
1170,"Saint-Ouen","Ile-de-France","United States","Central"
1171,"Le Plessis-Robinson","Ile-de-France","United States","Central"
1222,"Roissy-en-Brie","Ile-de-France","United States","Central"
1224,"Coulommiers","Ile-de-France","United States","Central"
1241,"Pantin","Ile-de-France","United States","Central"
1253,"Evry","Ile-de-France","United States","Central"
1256,"Poissy","Ile-de-France","United States","Central"
1269,"Pontoise","Ile-de-France","United States","Central"
1288,"Meudon","Ile-de-France","United States","Central"
1291,"Villemomble","Ile-de-France","United States","Central"
1295,"Rambouillet","Ile-de-France","United States","Central"
1310,"Marly-le-Roi","Ile-de-France","United States","Central"
1337,"Sartrouville","Ile-de-France","United States","Central"
1396,"Les Ulis","Ile-de-France","United States","Central"
1442,"Sucy-en-Brie","Ile-de-France","United States","Central"
1447,"Montmorency","Ile-de-France","United States","Central"
1467,"Athis-Mons","Ile-de-France","United States","Central"
1490,"Champigny-sur-Marne","Ile-de-France","United States","Central"
1538,"Fresnes","Ile-de-France","United States","Central"
1586,"Livry-Gargan","Ile-de-France","United States","Central"
1643,"Montereau-Fault-Yonne","Ile-de-France","United States","Central"
1679,"Issy-les-Moulineaux","Ile-de-France","United States","Central"
1695,"Taverny","Ile-de-France","United States","Central"
1765,"Noisy-le-Sec","Ile-de-France","United States","Central"
1774,"Fontenay-aux-Roses","Ile-de-France","United States","Central"
1784,"Torcy","Ile-de-France","United States","Central"
1791,"Orsay","Ile-de-France","United States","Central"
1794,"Thiais","Ile-de-France","United States","Central"
1819,"Aulnay-sous-Bois","Ile-de-France","United States","Central"
1825,"Trappes","Ile-de-France","United States","Central"
1826,"Montrouge","Ile-de-France","United States","Central"
1841,"Gagny","Ile-de-France","United States","Central"
1926,"Savigny-le-Temple","Ile-de-France","United States","Central"
1976,"Saint-Michel-sur-Orge","Ile-de-France","United States","Central"
1984,"Melun","Ile-de-France","United States","Central"
1990,"Palaiseau","Ile-de-France","United States","Central"
2043,"Ermont","Ile-de-France","United States","Central"
2045,"Les Mureaux","Ile-de-France","United States","Central"
2101,"Aubervilliers","Ile-de-France","United States","Central"
2130,"Sarcelles","Ile-de-France","United States","Central"
2138,"Mitry-Mory","Ile-de-France","United States","Central"
2156,"Courbevoie","Ile-de-France","United States","Central"
2183,"Corbeil-Essonnes","Ile-de-France","United States","Central"
2240,"Massy","Ile-de-France","United States","Central"
2250,"Fontenay-sous-Bois","Ile-de-France","United States","Central"
2292,"Vanves","Ile-de-France","United States","Central"
2313,"Pontault-Combault","Ile-de-France","United States","Central"
2335,"Franconville","Ile-de-France","United States","Central"
2355,"Colombes","Ile-de-France","United States","Central"
2382,"Choisy-le-Roi","Ile-de-France","United States","Central"
2407,"Gonesse","Ile-de-France","United States","Central"
2413,"Saint-Cloud","Ile-de-France","United States","Central"
2434,"Neuilly-sur-Marne","Ile-de-France","United States","Central"
2479,"Le Blanc-Mesnil","Ile-de-France","United States","Central"
2546,"Maisons-Alfort","Ile-de-France","United States","Central"
2554,"Meaux","Ile-de-France","United States","Central"
2574,"Vitry-sur-Seine","Ile-de-France","United States","Central"
2671,"Domont","Ile-de-France","United States","Central"
2696,"Cormeilles-en-Parisis","Ile-de-France","United States","Central"
2710,"Neuilly-Plaisance","Ile-de-France","United States","Central"
2780,"Alfortville","Ile-de-France","United States","Central"
2784,"Villeparisis","Ile-de-France","United States","Central"
2794,"Villeneuve-la-Garenne","Ile-de-France","United States","Central"
2814,"Clichy","Ile-de-France","United States","Central"
2824,"Sevran","Ile-de-France","United States","Central"
2837,"Villejuif","Ile-de-France","United States","Central"
2847,"Rosny-sous-Bois","Ile-de-France","United States","Central"
2860,"Bezons","Ile-de-France","United States","Central"
2883,"Gennevilliers","Ile-de-France","United States","Central"
2915,"Conflans-Sainte-Honorine","Ile-de-France","United States","Central"
2917,"Vigneux-sur-Seine","Ile-de-France","United States","Central"
2926,"Maisons-Laffitte","Ile-de-France","United States","Central"
2929,"Les Lilas","Ile-de-France","United States","Central"
2954,"La Celle-Saint-Cloud","Ile-de-France","United States","Central"
2975,"Montesson","Ile-de-France","United States","Central"
3004,"Montgeron","Ile-de-France","United States","Central"
3047,"Les Pavillons-sous-Bois","Ile-de-France","United States","Central"
3052,"Tremblay-en-France","Ile-de-France","United States","Central"
3146,"Limay","Ile-de-France","United States","Central"
3197,"Bobigny","Ile-de-France","United States","Central"
3242,"Bonneuil-sur-Marne","Ile-de-France","United States","Central"
3257,"Villiers-sur-Marne","Ile-de-France","United States","Central"
3285,"Pierrefitte-sur-Seine","Ile-de-France","United States","Central"
3295,"Longjumeau","Ile-de-France","United States","Central"
3316,"Guyancourt","Ile-de-France","United States","Central"
3340,"Rueil-Malmaison","Ile-de-France","United States","Central"
3343,"Le Pré-Saint-Gervais","Ile-de-France","United States","Central"
3354,"Moissy-Cramayel","Ile-de-France","United States","Central"
3445,"Mantes-la-Ville","Ile-de-France","United States","Central"
3447,"Suresnes","Ile-de-France","United States","Central"
3479,"Viroflay","Ile-de-France","United States","Central"
3506,"Saint-Gratien","Ile-de-France","United States","Central"
3529,"Montigny-le-Bretonneux","Ile-de-France","United States","Central"
3532,"Chilly-Mazarin","Ile-de-France","United States","Central"
3578,"Villeneuve-le-Roi","Ile-de-France","United States","Central"
3629,"Lagny-sur-Marne","Ile-de-France","United States","Central"
3661,"Avon","Ile-de-France","United States","Central"
3765,"Osny","Ile-de-France","United States","Central"
4,"Berlin","Berlin","United States","Central"
20,"Chicago","Illinois","United States","Central"
24,"Soyapango","San Salvador","United States","Central"
26,"Leipzig","Saxony","United States","Central"
30,"Amarillo","Texas","United States","Central"
40,"Minneapolis","Minnesota","United States","Central"
53,"Celle","Lower Saxony","United States","Central"
61,"Chinandega","Chinandega","United States","Central"
69,"Lille","Nord-Pas-de-Calais","United States","Central"
71,"Jackson","Michigan","United States","Central"
73,"Krefeld","North Rhine-Westphalia","United States","Central"
82,"Graz","Styria","United States","Central"
88,"Le Bouscat","Aquitaine","United States","Central"
90,"Augsburg","Bavaria","United States","Central"
91,"Nice","Provence-Alpes-Côte d'Azur","United States","Central"
93,"Bergen op Zoom","North Brabant","United States","Central"
95,"Hanover","Lower Saxony","United States","Central"
98,"Bremen","Bremen","United States","Central"
99,"Muret","Midi-Pyrénées","United States","Central"
102,"Detroit","Michigan","United States","Central"
115,"Madison","Wisconsin","United States","Central"
122,"Le Petit-Quevilly","Upper Normandy","United States","Central"
123,"Bochum","North Rhine-Westphalia","United States","Central"
124,"Houston","Texas","United States","Central"
125,"Mixco","Guatemala","United States","Central"
131,"Norman","Oklahoma","United States","Central"
143,"Talence","Aquitaine","United States","Central"
152,"Hamburg","Hamburg","United States","Central"
174,"La Baule-Escoublac","Pays de la Loire","United States","Central"
180,"Laval","Pays de la Loire","United States","Central"
189,"Matagalpa","Matagalpa","United States","Central"
191,"Managua","Managua","United States","Central"
193,"Nantes","Pays de la Loire","United States","Central"
196,"Vienna","Vienna","United States","Central"
205,"Amsterdam","North Holland","United States","Central"
219,"León","León","United States","Central"
227,"Munster","Lower Saxony","United States","Central"
235,"Springfield","Missouri","United States","Central"
238,"Lafayette","Indiana","United States","Central"
241,"Mejicanos","San Salvador","United States","Central"
242,"Menton","Provence-Alpes-Côte d'Azur","United States","Central"
247,"San Antonio","Texas","United States","Central"
250,"Bayeux","Lower Normandy","United States","Central"
251,"Lens","Nord-Pas-de-Calais","United States","Central"
252,"Iserlohn","North Rhine-Westphalia","United States","Central"
254,"Ghent","East Flanders","United States","Central"
255,"Indianapolis","Indiana","United States","Central"
261,"Saint-Laurent-du-Var","Provence-Alpes-Côte d'Azur","United States","Central"
267,"Angers","Pays de la Loire","United States","Central"
273,"Le Mans","Pays de la Loire","United States","Central"
290,"Weimar","Thuringia","United States","Central"
293,"Franklin","Wisconsin","United States","Central"
294,"Omaha","Nebraska","United States","Central"
297,"Oyonnax","Rhône-Alpes","United States","Central"
309,"Saint-Priest","Rhône-Alpes","United States","Central"
314,"Erlangen","Bavaria","United States","Central"
321,"Zurich","Zürich","United States","Central"
338,"Eindhoven","North Brabant","United States","Central"
339,"Quetzaltenango","Quezaltenango","United States","Central"
340,"Antiguo Cuscatlán","La Libertad","United States","Central"
363,"San Salvador","San Salvador","United States","Central"
372,"Columbia","Missouri","United States","Central"
377,"Carrollton","Texas","United States","Central"
383,"Regensburg","Bavaria","United States","Central"
386,"Garbsen","Lower Saxony","United States","Central"
394,"Mont-de-Marsan","Aquitaine","United States","Central"
397,"Menden","North Rhine-Westphalia","United States","Central"
401,"Vernon","Upper Normandy","United States","Central"
419,"Montpellier","Languedoc-Roussillon","United States","Central"
424,"Round Rock","Texas","United States","Central"
425,"Saint-Chamond","Rhône-Alpes","United States","Central"
427,"Fort Worth","Texas","United States","Central"
436,"Villa Nueva","Guatemala","United States","Central"
437,"Annecy-le-Vieux","Rhône-Alpes","United States","Central"
440,"Nuremberg","Bavaria","United States","Central"
446,"Dortmund","North Rhine-Westphalia","United States","Central"
453,"Bayonne","Aquitaine","United States","Central"
470,"Schwerin","Mecklenburg-Vorpommern","United States","Central"
474,"Basel","Basel-Stadt","United States","Central"
476,"Poitiers","Poitou-Charentes","United States","Central"
491,"Tegucigalpa","Francisco Morazán","United States","Central"
502,"Lucerne","Lucerne","United States","Central"
504,"Noblesville","Indiana","United States","Central"
509,"Thionville","Lorraine","United States","Central"
537,"Lansing","Michigan","United States","Central"
538,"Gap","Provence-Alpes-Côte d'Azur","United States","Central"
546,"Marseille","Provence-Alpes-Côte d'Azur","United States","Central"
548,"Antwerp","Antwerp","United States","Central"
554,"Outreau","Nord-Pas-de-Calais","United States","Central"
556,"Muskogee","Oklahoma","United States","Central"
557,"Bourg-en-Bresse","Rhône-Alpes","United States","Central"
558,"Mulhouse","Alsace","United States","Central"
562,"Herford","North Rhine-Westphalia","United States","Central"
570,"Estelí","Estelí","United States","Central"
572,"Schiltigheim","Alsace","United States","Central"
573,"Milwaukee","Wisconsin","United States","Central"
576,"Munich","Bavaria","United States","Central"
578,"Euskirchen","North Rhine-Westphalia","United States","Central"
587,"Bordeaux","Aquitaine","United States","Central"
590,"Frankfurt","Hesse","United States","Central"
600,"Trier","Rhineland-Palatinate","United States","Central"
624,"Arras","Nord-Pas-de-Calais","United States","Central"
629,"Rostock","Mecklenburg-Vorpommern","United States","Central"
630,"Namur","Namur","United States","Central"
649,"Duisburg","North Rhine-Westphalia","United States","Central"
653,"Colmar","Alsace","United States","Central"
655,"La Seyne-sur-Mer","Provence-Alpes-Côte d'Azur","United States","Central"
657,"Creil","Picardy","United States","Central"
671,"Stuttgart","Baden-Württemberg","United States","Central"
676,"Aurora","Illinois","United States","Central"
688,"Dormagen","North Rhine-Westphalia","United States","Central"
691,"Bressuire","Poitou-Charentes","United States","Central"
693,"Toulon","Provence-Alpes-Côte d'Azur","United States","Central"
698,"Ann Arbor","Michigan","United States","Central"
703,"Greenwood","Indiana","United States","Central"
706,"Vitrolles","Provence-Alpes-Côte d'Azur","United States","Central"
712,"Ilopango","San Salvador","United States","Central"
726,"Tulsa","Oklahoma","United States","Central"
729,"Mainz","Rhineland-Palatinate","United States","Central"
730,"Gronau","North Rhine-Westphalia","United States","Central"
733,"Antibes","Provence-Alpes-Côte d'Azur","United States","Central"
735,"Concarneau","Brittany","United States","Central"
738,"Solingen","North Rhine-Westphalia","United States","Central"
741,"Cologne","North Rhine-Westphalia","United States","Central"
757,"Bottrop","North Rhine-Westphalia","United States","Central"
760,"Ulm","Baden-Württemberg","United States","Central"
764,"Innsbruck","Tyrol","United States","Central"
766,"Rockford","Illinois","United States","Central"
767,"Panama City","Panama","United States","Central"
769,"Grenoble","Rhône-Alpes","United States","Central"
770,"Castrop-Rauxel","North Rhine-Westphalia","United States","Central"
773,"Tilburg","North Brabant","United States","Central"
778,"Dieppe","Upper Normandy","United States","Central"
783,"Lunel","Languedoc-Roussillon","United States","Central"
787,"Dallas","Texas","United States","Central"
791,"Nancy","Lorraine","United States","Central"
793,"Chimaltenango","Chimaltenango","United States","Central"
803,"Fremont","Nebraska","United States","Central"
806,"Utrecht","Utrecht","United States","Central"
828,"Vichy","Auvergne","United States","Central"
831,"Arnhem","Gelderland","United States","Central"
834,"Fargo","North Dakota","United States","Central"
837,"Genk","Limburg","United States","Central"
839,"Villeurbanne","Rhône-Alpes","United States","Central"
852,"Saint-Dizier","Champagne-Ardenne","United States","Central"
855,"El Paso","Texas","United States","Central"
861,"Beauvais","Picardy","United States","Central"
869,"Bonn","North Rhine-Westphalia","United States","Central"
871,"Arles","Provence-Alpes-Côte d'Azur","United States","Central"
876,"Herne","North Rhine-Westphalia","United States","Central"
900,"Evanston","Illinois","United States","Central"
903,"Libourne","Aquitaine","United States","Central"
908,"Rennes","Brittany","United States","Central"
910,"Oberhausen","North Rhine-Westphalia","United States","Central"
916,"Dreux","Centre","United States","Central"
917,"Toulouse","Midi-Pyrénées","United States","Central"
926,"Kenosha","Wisconsin","United States","Central"
931,"Columbus","Indiana","United States","Central"
933,"Fontaine","Rhône-Alpes","United States","Central"
942,"Richardson","Texas","United States","Central"
945,"Austin","Texas","United States","Central"
950,"Santa Ana","Santa Ana","United States","Central"
953,"Petapa","Guatemala","United States","Central"
955,"Miramas","Provence-Alpes-Côte d'Azur","United States","Central"
957,"David","Chiriquí","United States","Central"
966,"Pearland","Texas","United States","Central"
969,"Carcassonne","Languedoc-Roussillon","United States","Central"
970,"Villach","Carinthia","United States","Central"
974,"Escuintla","Escuintla","United States","Central"
979,"Hildesheim","Lower Saxony","United States","Central"
991,"Saint-Louis","Alsace","United States","Central"
995,"Villeneuve-d'Ascq","Nord-Pas-de-Calais","United States","Central"
997,"Wilhelmshaven","Lower Saxony","United States","Central"
1008,"Kassel","Hesse","United States","Central"
1016,"Sindelfingen","Baden-Württemberg","United States","Central"
1018,"Villa Canales","Guatemala","United States","Central"
1022,"Douai","Nord-Pas-de-Calais","United States","Central"
1025,"Essen","North Rhine-Westphalia","United States","Central"
1034,"Pontivy","Brittany","United States","Central"
1036,"The Hague","South Holland","United States","Central"
1050,"Le Cannet","Provence-Alpes-Côte d'Azur","United States","Central"
1058,"San Pedro Sula","Cortés","United States","Central"
1061,"Broken Arrow","Oklahoma","United States","Central"
1063,"Lawrence","Indiana","United States","Central"
1065,"Rillieux-la-Pape","Rhône-Alpes","United States","Central"
1068,"Spijkenisse","South Holland","United States","Central"
1071,"Bielefeld","North Rhine-Westphalia","United States","Central"
1083,"Breda","North Brabant","United States","Central"
1086,"Charleroi","Hainaut","United States","Central"
1091,"Clermont-Ferrand","Auvergne","United States","Central"
1093,"Oklahoma City","Oklahoma","United States","Central"
1098,"Lakeville","Minnesota","United States","Central"
1104,"Saint Cloud","Minnesota","United States","Central"
1110,"Langenhagen","Lower Saxony","United States","Central"
1122,"Appleton","Wisconsin","United States","Central"
1123,"Apopa","San Salvador","United States","Central"
1128,"Geneva","Geneva","United States","Central"
1129,"Hautmont","Nord-Pas-de-Calais","United States","Central"
1130,"Offenburg","Baden-Württemberg","United States","Central"
1141,"Bourges","Centre","United States","Central"
1143,"Lyon","Rhône-Alpes","United States","Central"
1145,"Draguignan","Provence-Alpes-Côte d'Azur","United States","Central"
1147,"Hamm","North Rhine-Westphalia","United States","Central"
1153,"Linz","Upper Austria","United States","Central"
1154,"Dubuque","Iowa","United States","Central"
1159,"La Ceiba","Atlántida","United States","Central"
1166,"Remscheid","North Rhine-Westphalia","United States","Central"
1169,"Chinautla","Guatemala","United States","Central"
1173,"Echirolles","Rhône-Alpes","United States","Central"
1178,"Naperville","Illinois","United States","Central"
1179,"Saint-Genis-Laval","Rhône-Alpes","United States","Central"
1183,"Les Herbiers","Pays de la Loire","United States","Central"
1187,"Dresden","Saxony","United States","Central"
1189,"Tours","Centre","United States","Central"
1192,"Des Moines","Iowa","United States","Central"
1193,"Groningen","Groningen","United States","Central"
1198,"Soissons","Picardy","United States","Central"
1200,"Strasbourg","Alsace","United States","Central"
1207,"Neuwied","Rhineland-Palatinate","United States","Central"
1212,"Annecy","Rhône-Alpes","United States","Central"
1221,"Halle","Saxony-Anhalt","United States","Central"
1237,"Pamiers","Midi-Pyrénées","United States","Central"
1248,"Pasadena","Texas","United States","Central"
1257,"Choluteca","Choluteca","United States","Central"
1266,"Midland","Michigan","United States","Central"
1273,"Landerneau","Brittany","United States","Central"
1274,"Rouen","Upper Normandy","United States","Central"
1279,"Villefontaine","Rhône-Alpes","United States","Central"
1280,"Arraiján","Panama","United States","Central"
1281,"Reutlingen","Baden-Württemberg","United States","Central"
1290,"Peoria","Illinois","United States","Central"
1314,"Oldenburg","Lower Saxony","United States","Central"
1319,"San Miguelito","Panama","United States","Central"
1332,"Castres","Midi-Pyrénées","United States","Central"
1335,"Ludwigshafen am Rhein","Rhineland-Palatinate","United States","Central"
1344,"Reims","Champagne-Ardenne","United States","Central"
1350,"Tipitapa","Managua","United States","Central"
1352,"Hasselt","Limburg","United States","Central"
1354,"Troisdorf","North Rhine-Westphalia","United States","Central"
1356,"Aix-en-Provence","Provence-Alpes-Côte d'Azur","United States","Central"
1358,"Choloma","Cortés","United States","Central"
1363,"Independence","Missouri","United States","Central"
1364,"Wattrelos","Nord-Pas-de-Calais","United States","Central"
1366,"Nieuwegein","Utrecht","United States","Central"
1369,"Brownsville","Texas","United States","Central"
1375,"Niort","Poitou-Charentes","United States","Central"
1377,"Pharr","Texas","United States","Central"
1383,"Martigues","Provence-Alpes-Côte d'Azur","United States","Central"
1384,"Bastia","Corsica","United States","Central"
1392,"Langen","Lower Saxony","United States","Central"
1393,"Villeneuve-sur-Lot","Aquitaine","United States","Central"
1398,"Haarlem","North Holland","United States","Central"
1408,"Aachen","North Rhine-Westphalia","United States","Central"
1413,"Avion","Nord-Pas-de-Calais","United States","Central"
1414,"Pforzheim","Baden-Württemberg","United States","Central"
1418,"Mechelen","Antwerp","United States","Central"
1434,"Huntsville","Texas","United States","Central"
1437,"Tournefeuille","Midi-Pyrénées","United States","Central"
1444,"Roseville","Minnesota","United States","Central"
1450,"Valenciennes","Nord-Pas-de-Calais","United States","Central"
1456,"Saumur","Pays de la Loire","United States","Central"
1457,"Siegen","North Rhine-Westphalia","United States","Central"
1462,"Limoges","Limousin","United States","Central"
1463,"Wasquehal","Nord-Pas-de-Calais","United States","Central"
1465,"Vannes","Brittany","United States","Central"
1466,"Lausanne","Vaud","United States","Central"
1472,"Sonsonate","Sonsonate","United States","Central"
1474,"Gera","Thuringia","United States","Central"
1477,"Potsdam","Brandenburg","United States","Central"
1480,"Neunkirchen","Saarland","United States","Central"
1481,"Marignane","Provence-Alpes-Côte d'Azur","United States","Central"
1484,"Huehuetenango","Huehuetenango","United States","Central"
1487,"Mansfield","Texas","United States","Central"
1502,"Beaumont","Texas","United States","Central"
1508,"La Chorrera","Panama","United States","Central"
1519,"Edmond","Oklahoma","United States","Central"
1523,"Decatur","Illinois","United States","Central"
1525,"Aalen","Baden-Württemberg","United States","Central"
1532,"Greifswald","Mecklenburg-Vorpommern","United States","Central"
1544,"Halle","North Rhine-Westphalia","United States","Central"
1548,"Masaya","Masaya","United States","Central"
1554,"Granada","Granada","United States","Central"
1566,"Leuven","Flemish Brabant","United States","Central"
1575,"Hardenberg","Overijssel","United States","Central"
1577,"Cuscatancingo","San Salvador","United States","Central"
1582,"Oosterhout","North Brabant","United States","Central"
1584,"Montauban","Midi-Pyrénées","United States","Central"
1590,"Quimper","Brittany","United States","Central"
1592,"Wiesbaden","Hesse","United States","Central"
1594,"Magdeburg","Saxony-Anhalt","United States","Central"
1601,"Laredo","Texas","United States","Central"
1602,"Klagenfurt","Carinthia","United States","Central"
1607,"Erftstadt","North Rhine-Westphalia","United States","Central"
1608,"Lippstadt","North Rhine-Westphalia","United States","Central"
1609,"Brive-la-Gaillarde","Limousin","United States","Central"
1611,"Pulheim","North Rhine-Westphalia","United States","Central"
1612,"Coudekerque-Branche","Nord-Pas-de-Calais","United States","Central"
1613,"Roeselare","West Flanders","United States","Central"
1614,"Highland Park","Illinois","United States","Central"
1629,"Offenbach","Hesse","United States","Central"
1638,"Normal","Illinois","United States","Central"
1639,"Deventer","Overijssel","United States","Central"
1654,"Salzburg","Salzburg","United States","Central"
1660,"Arlington","Texas","United States","Central"
1662,"Kiel","Schleswig-Holstein","United States","Central"
1663,"Kaiserslautern","Rhineland-Palatinate","United States","Central"
1665,"Rosenheim","Bavaria","United States","Central"
1671,"Richmond","Indiana","United States","Central"
1675,"Worms","Rhineland-Palatinate","United States","Central"
1676,"Darmstadt","Hesse","United States","Central"
1677,"Issoire","Auvergne","United States","Central"
1697,"Elmhurst","Illinois","United States","Central"
1702,"Minden","North Rhine-Westphalia","United States","Central"
1703,"Herten","North Rhine-Westphalia","United States","Central"
1721,"Thonon-les-Bains","Rhône-Alpes","United States","Central"
1722,"Allauch","Provence-Alpes-Côte d'Azur","United States","Central"
1729,"Maple Grove","Minnesota","United States","Central"
1731,"Ratingen","North Rhine-Westphalia","United States","Central"
1735,"Saint Charles","Illinois","United States","Central"
1740,"Metz","Lorraine","United States","Central"
1743,"Plano","Texas","United States","Central"
1746,"Green Bay","Wisconsin","United States","Central"
1755,"Narbonne","Languedoc-Roussillon","United States","Central"
1764,"Istres","Provence-Alpes-Côte d'Azur","United States","Central"
1771,"Mougins","Provence-Alpes-Côte d'Azur","United States","Central"
1777,"Dijon","Burgundy","United States","Central"
1780,"Aschaffenburg","Bavaria","United States","Central"
1782,"Mcallen","Texas","United States","Central"
1783,"Colón","Colón","United States","Central"
1790,"Paderborn","North Rhine-Westphalia","United States","Central"
1797,"La Teste-de-Buch","Aquitaine","United States","Central"
1799,"Moers","North Rhine-Westphalia","United States","Central"
1802,"Dearborn","Michigan","United States","Central"
1804,"Saint-Brieuc","Brittany","United States","Central"
1810,"Lormont","Aquitaine","United States","Central"
1815,"Kirkwood","Missouri","United States","Central"
1828,"Wuppertal","North Rhine-Westphalia","United States","Central"
1831,"Bayreuth","Bavaria","United States","Central"
1837,"Ludwigsfelde","Brandenburg","United States","Central"
1839,"Delmenhorst","Lower Saxony","United States","Central"
1843,"Emden","Lower Saxony","United States","Central"
1844,"Karlsruhe","Baden-Württemberg","United States","Central"
1846,"Pau","Aquitaine","United States","Central"
1854,"Avignon","Provence-Alpes-Côte d'Azur","United States","Central"
1857,"Hazebrouck","Nord-Pas-de-Calais","United States","Central"
1860,"South Bend","Indiana","United States","Central"
1861,"Agen","Aquitaine","United States","Central"
1868,"Roseville","Michigan","United States","Central"
1869,"Grevenbroich","North Rhine-Westphalia","United States","Central"
1873,"Canton","Michigan","United States","Central"
1876,"Six-Fours-les-Plages","Provence-Alpes-Côte d'Azur","United States","Central"
1880,"Cottbus","Brandenburg","United States","Central"
1885,"Overland Park","Kansas","United States","Central"
1887,"Velsen","North Holland","United States","Central"
1889,"Lawton","Oklahoma","United States","Central"
1896,"Tourcoing","Nord-Pas-de-Calais","United States","Central"
1897,"Saint Peters","Missouri","United States","Central"
1900,"Firminy","Rhône-Alpes","United States","Central"
1908,"Ajaccio","Corsica","United States","Central"
1909,"Meyzieu","Rhône-Alpes","United States","Central"
1911,"La Crosse","Wisconsin","United States","Central"
1916,"Heidelberg","Baden-Württemberg","United States","Central"
1917,"Haguenau","Alsace","United States","Central"
1922,"Ingolstadt","Bavaria","United States","Central"
1931,"Stralsund","Mecklenburg-Vorpommern","United States","Central"
1940,"Delgado","San Salvador","United States","Central"
1943,"Gelsenkirchen","North Rhine-Westphalia","United States","Central"
1946,"Amersfoort","Utrecht","United States","Central"
1951,"Dorsten","North Rhine-Westphalia","United States","Central"
1958,"Wels","Upper Austria","United States","Central"
1960,"Berne","Bern","United States","Central"
1962,"Woodbury","Minnesota","United States","Central"
1964,"Des Plaines","Illinois","United States","Central"
1966,"Saint-Malo","Brittany","United States","Central"
1975,"Norderstedt","Schleswig-Holstein","United States","Central"
1981,"Dearborn Heights","Michigan","United States","Central"
1985,"Chemnitz","Saxony","United States","Central"
1986,"Rotterdam","South Holland","United States","Central"
1987,"Koblenz","Rhineland-Palatinate","United States","Central"
1992,"Hagen","North Rhine-Westphalia","United States","Central"
2006,"Gradignan","Aquitaine","United States","Central"
2007,"Trenton","Michigan","United States","Central"
2016,"Winterthur","Zürich","United States","Central"
2017,"Caen","Lower Normandy","United States","Central"
2019,"Frontignan","Languedoc-Roussillon","United States","Central"
2023,"Wheeling","Illinois","United States","Central"
2031,"Pertuis","Provence-Alpes-Côte d'Azur","United States","Central"
2033,"La Rochelle","Poitou-Charentes","United States","Central"
2034,"Colomiers","Midi-Pyrénées","United States","Central"
2052,"Emmen","Drenthe","United States","Central"
2070,"Verviers","Liège","United States","Central"
2071,"Wichita","Kansas","United States","Central"
2084,"Vallauris","Provence-Alpes-Côte d'Azur","United States","Central"
2094,"Doetinchem","Gelderland","United States","Central"
2099,"Grand Prairie","Texas","United States","Central"
2102,"Port Arthur","Texas","United States","Central"
2106,"Capelle aan den IJssel","South Holland","United States","Central"
2110,"La Porte","Indiana","United States","Central"
2111,"Bar-le-Duc","Lorraine","United States","Central"
2112,"Auxerre","Burgundy","United States","Central"
2118,"Buffalo Grove","Illinois","United States","Central"
2119,"Heerlen","Limburg","United States","Central"
2120,"Woodstock","Illinois","United States","Central"
2127,"Heilbronn","Baden-Württemberg","United States","Central"
2131,"Carvin","Nord-Pas-de-Calais","United States","Central"
2135,"Rochester","Minnesota","United States","Central"
2152,"Erfurt","Thuringia","United States","Central"
2165,"Gladstone","Missouri","United States","Central"
2179,"Friedrichshafen","Baden-Württemberg","United States","Central"
2184,"Anglet","Aquitaine","United States","Central"
2187,"El Progreso","Yoro","United States","Central"
2193,"Oak Park","Michigan","United States","Central"
2195,"Moulins","Auvergne","United States","Central"
2196,"Amatitlán","Guatemala","United States","Central"
2197,"Eau Claire","Wisconsin","United States","Central"
2201,"Marl","North Rhine-Westphalia","United States","Central"
2202,"Skokie","Illinois","United States","Central"
2211,"Oswego","Illinois","United States","Central"
2216,"Castelnau-le-Lez","Languedoc-Roussillon","United States","Central"
2221,"Superior","Wisconsin","United States","Central"
2232,"Amiens","Picardy","United States","Central"
2234,"Carol Stream","Illinois","United States","Central"
2235,"Jena","Thuringia","United States","Central"
2236,"Chartres","Centre","United States","Central"
2237,"Lubbock","Texas","United States","Central"
2245,"Villingen-Schwenningen","Baden-Württemberg","United States","Central"
2248,"Cholet","Pays de la Loire","United States","Central"
2253,"Cannes","Provence-Alpes-Côte d'Azur","United States","Central"
2255,"La Madeleine","Nord-Pas-de-Calais","United States","Central"
2269,"Zaanstad","North Holland","United States","Central"
2270,"Mishawaka","Indiana","United States","Central"
2274,"Salon-de-Provence","Provence-Alpes-Côte d'Azur","United States","Central"
2275,"Cognac","Poitou-Charentes","United States","Central"
2277,"Halluin","Nord-Pas-de-Calais","United States","Central"
2280,"Nogent-sur-Oise","Picardy","United States","Central"
2281,"Recklinghausen","North Rhine-Westphalia","United States","Central"
2299,"Moorhead","Minnesota","United States","Central"
2309,"Belfort","Franche-Comté","United States","Central"
2314,"Bryan","Texas","United States","Central"
2321,"Friedberg","Hesse","United States","Central"
2322,"Tarbes","Midi-Pyrénées","United States","Central"
2331,"Perpignan","Languedoc-Roussillon","United States","Central"
2333,"Waco","Texas","United States","Central"
2334,"Ludwigsburg","Baden-Württemberg","United States","Central"
2339,"Flers","Lower Normandy","United States","Central"
2341,"Lohne","Lower Saxony","United States","Central"
2346,"Apeldoorn","Gelderland","United States","Central"
2348,"Plaisance-du-Touch","Midi-Pyrénées","United States","Central"
2357,"Irving","Texas","United States","Central"
2369,"La Roche-sur-Yon","Pays de la Loire","United States","Central"
2370,"Almelo","Overijssel","United States","Central"
2378,"Delft","South Holland","United States","Central"
2379,"Sittard","Limburg","United States","Central"
2384,"Uithoorn","North Holland","United States","Central"
2385,"Sioux Falls","South Dakota","United States","Central"
2392,"Cagnes-sur-Mer","Provence-Alpes-Côte d'Azur","United States","Central"
2401,"Wetzlar","Hesse","United States","Central"
2402,"Valence","Rhône-Alpes","United States","Central"
2408,"Schiedam","South Holland","United States","Central"
2410,"Wetter (Ruhr)","North Rhine-Westphalia","United States","Central"
2424,"Le Havre","Upper Normandy","United States","Central"
2430,"Brussels","Brussels","United States","Central"
2437,"Edinburg","Texas","United States","Central"
2438,"Hengelo","Overijssel","United States","Central"
2440,"Naumburg","Saxony-Anhalt","United States","Central"
2442,"Dinslaken","North Rhine-Westphalia","United States","Central"
2446,"Epinal","Lorraine","United States","Central"
2451,"Gummersbach","North Rhine-Westphalia","United States","Central"
2468,"Zeist","Utrecht","United States","Central"
2488,"Pessac","Aquitaine","United States","Central"
2491,"Freiburg","Baden-Württemberg","United States","Central"
2496,"Senlis","Picardy","United States","Central"
2497,"Le Pontet","Provence-Alpes-Côte d'Azur","United States","Central"
2502,"Cambrai","Nord-Pas-de-Calais","United States","Central"
2505,"Vaulx-en-Velin","Rhône-Alpes","United States","Central"
2521,"Laon","Picardy","United States","Central"
2523,"Bron","Rhône-Alpes","United States","Central"
2528,"Langenfeld","North Rhine-Westphalia","United States","Central"
2531,"Mâcon","Burgundy","United States","Central"
2533,"Tyler","Texas","United States","Central"
2534,"Ploemeur","Brittany","United States","Central"
2537,"Vertou","Pays de la Loire","United States","Central"
2539,"Mauguio","Languedoc-Roussillon","United States","Central"
2543,"Gladbeck","North Rhine-Westphalia","United States","Central"
2551,"Witten","North Rhine-Westphalia","United States","Central"
2556,"Cuxhaven","Lower Saxony","United States","Central"
2566,"Brandenburg","Brandenburg","United States","Central"
2576,"Gien","Centre","United States","Central"
2581,"San Angelo","Texas","United States","Central"
2587,"Taylor","Michigan","United States","Central"
2590,"Evreux","Upper Normandy","United States","Central"
2591,"Mouscron","Hainaut","United States","Central"
2598,"Arnsberg","North Rhine-Westphalia","United States","Central"
2599,"Les Pennes-Mirabeau","Provence-Alpes-Côte d'Azur","United States","Central"
2602,"Saint Louis","Missouri","United States","Central"
2607,"Carquefou","Pays de la Loire","United States","Central"
2608,"Cedar Rapids","Iowa","United States","Central"
2611,"Saint-Quentin","Picardy","United States","Central"
2628,"Louviers","Upper Normandy","United States","Central"
2630,"Albi","Midi-Pyrénées","United States","Central"
2632,"Bedford","Texas","United States","Central"
2634,"Leverkusen","North Rhine-Westphalia","United States","Central"
2644,"Guatemala City","Guatemala","United States","Central"
2645,"Fleury-les-Aubrais","Centre","United States","Central"
2652,"League City","Texas","United States","Central"
2653,"San Martín","Cuscatlán","United States","Central"
2654,"Barneveld","Gelderland","United States","Central"
2656,"Rapid City","South Dakota","United States","Central"
2658,"Frankfort","Illinois","United States","Central"
2660,"Velbert","North Rhine-Westphalia","United States","Central"
2663,"Zwolle","Overijssel","United States","Central"
2666,"Park Ridge","Illinois","United States","Central"
2676,"Manhattan","Kansas","United States","Central"
2677,"Tournai","Hainaut","United States","Central"
2678,"The Colony","Texas","United States","Central"
2680,"Bourgoin-Jallieu","Rhône-Alpes","United States","Central"
2682,"Conroe","Texas","United States","Central"
2686,"Eggenstein-Leopoldshafen","Baden-Württemberg","United States","Central"
2689,"Saint-Herblain","Pays de la Loire","United States","Central"
2692,"Hilden","North Rhine-Westphalia","United States","Central"
2702,"Olathe","Kansas","United States","Central"
2716,"Auch","Midi-Pyrénées","United States","Central"
2718,"Albertville","Rhône-Alpes","United States","Central"
2721,"Langen","Hesse","United States","Central"
2723,"Lanester","Brittany","United States","Central"
2726,"Bloomington","Illinois","United States","Central"
2735,"Forbach","Lorraine","United States","Central"
2736,"Freeport","Illinois","United States","Central"
2742,"Grasse","Provence-Alpes-Côte d'Azur","United States","Central"
2747,"Garden City","Kansas","United States","Central"
2755,"Cournon-d'Auvergne","Auvergne","United States","Central"
2756,"Boulogne-sur-Mer","Nord-Pas-de-Calais","United States","Central"
2758,"Palatine","Illinois","United States","Central"
2761,"Glenview","Illinois","United States","Central"
2766,"Coppell","Texas","United States","Central"
2769,"Saint-Nazaire","Pays de la Loire","United States","Central"
2772,"Texas City","Texas","United States","Central"
2782,"Annonay","Rhône-Alpes","United States","Central"
2785,"Verdun","Lorraine","United States","Central"
2786,"Berck","Nord-Pas-de-Calais","United States","Central"
2787,"Roanne","Rhône-Alpes","United States","Central"
2791,"Westland","Michigan","United States","Central"
2793,"Roubaix","Nord-Pas-de-Calais","United States","Central"
2800,"Viersen","North Rhine-Westphalia","United States","Central"
2805,"Sanary-sur-Mer","Provence-Alpes-Côte d'Azur","United States","Central"
2809,"Lisieux","Lower Normandy","United States","Central"
2833,"Helmond","North Brabant","United States","Central"
2834,"Neubrandenburg","Mecklenburg-Vorpommern","United States","Central"
2839,"College Station","Texas","United States","Central"
2856,"Bergheim","North Rhine-Westphalia","United States","Central"
2858,"Bruges","West Flanders","United States","Central"
2861,"Harlingen","Texas","United States","Central"
2867,"Bad Waldsee","Baden-Württemberg","United States","Central"
2871,"Bergisch Gladbach","North Rhine-Westphalia","United States","Central"
2875,"Grand Rapids","Michigan","United States","Central"
2878,"Roermond","Limburg","United States","Central"
2879,"Wolfsburg","Lower Saxony","United States","Central"
2889,"Coon Rapids","Minnesota","United States","Central"
2912,"Argentan","Lower Normandy","United States","Central"
2913,"Saint Charles","Missouri","United States","Central"
2914,"Sarreguemines","Lorraine","United States","Central"
2916,"Waiblingen","Baden-Württemberg","United States","Central"
2921,"Rochefort","Poitou-Charentes","United States","Central"
2928,"Terneuzen","Zeeland","United States","Central"
2939,"Leeuwarden","Friesland","United States","Central"
2942,"San Marcos","Texas","United States","Central"
2953,"Montargis","Centre","United States","Central"
2965,"Rochester Hills","Michigan","United States","Central"
2966,"Bamberg","Bavaria","United States","Central"
2967,"Alphen aan den Rijn","South Holland","United States","Central"
2972,"Haltom City","Texas","United States","Central"
2976,"Lons-le-Saunier","Franche-Comté","United States","Central"
2977,"Oullins","Rhône-Alpes","United States","Central"
2980,"Mannheim","Baden-Württemberg","United States","Central"
3003,"Allen","Texas","United States","Central"
3006,"Ennigerloh","North Rhine-Westphalia","United States","Central"
3007,"Aalst","East Flanders","United States","Central"
3015,"Sonneberg","Thuringia","United States","Central"
3016,"Dordrecht","South Holland","United States","Central"
3019,"Marion","Iowa","United States","Central"
3021,"Odessa","Texas","United States","Central"
3022,"Saint-Pol-sur-Mer","Nord-Pas-de-Calais","United States","Central"
3027,"Hamme","East Flanders","United States","Central"
3030,"Assen","Drenthe","United States","Central"
3032,"Passau","Bavaria","United States","Central"
3034,"Enschede","Overijssel","United States","Central"
3035,"Lorient","Brittany","United States","Central"
3040,"Elbeuf","Upper Normandy","United States","Central"
3041,"Lincoln Park","Michigan","United States","Central"
3042,"Purmerend","North Holland","United States","Central"
3045,"Elkhart","Indiana","United States","Central"
3051,"Willich","North Rhine-Westphalia","United States","Central"
3053,"Quincy","Illinois","United States","Central"
3061,"Orland Park","Illinois","United States","Central"
3072,"Holland","Michigan","United States","Central"
3075,"Kerpen","North Rhine-Westphalia","United States","Central"
3087,"Montbrison","Rhône-Alpes","United States","Central"
3089,"Flensburg","Schleswig-Holstein","United States","Central"
3092,"Maastricht","Limburg","United States","Central"
3096,"Beaune","Burgundy","United States","Central"
3101,"Champaign","Illinois","United States","Central"
3109,"Wausau","Wisconsin","United States","Central"
3113,"Kortrijk","West Flanders","United States","Central"
3121,"Ronchin","Nord-Pas-de-Calais","United States","Central"
3123,"Chaumont","Champagne-Ardenne","United States","Central"
3133,"Nijmegen","Gelderland","United States","Central"
3140,"Bolingbrook","Illinois","United States","Central"
3144,"Saginaw","Michigan","United States","Central"
3155,"Mons-en-Baroeul","Nord-Pas-de-Calais","United States","Central"
3157,"Carpentras","Provence-Alpes-Côte d'Azur","United States","Central"
3162,"Den Helder","North Holland","United States","Central"
3164,"Annemasse","Rhône-Alpes","United States","Central"
3166,"Corpus Christi","Texas","United States","Central"
3168,"Seraing","Liège","United States","Central"
3169,"Hilversum","North Holland","United States","Central"
3188,"Brest","Brittany","United States","Central"
3196,"Olivet","Centre","United States","Central"
3202,"Biarritz","Aquitaine","United States","Central"
3207,"Abbeville","Picardy","United States","Central"
3219,"Baden-Baden","Baden-Württemberg","United States","Central"
3220,"Cedar Hill","Texas","United States","Central"
3225,"Saint Paul","Minnesota","United States","Central"
3226,"Villenave-d'Ornon","Aquitaine","United States","Central"
3227,"Fulda","Hesse","United States","Central"
3231,"Borken","North Rhine-Westphalia","United States","Central"
3250,"Schweinfurt","Bavaria","United States","Central"
3262,"New Albany","Indiana","United States","Central"
3263,"Bloomington","Indiana","United States","Central"
3271,"La Ciotat","Provence-Alpes-Côte d'Azur","United States","Central"
3273,"Hattingen","North Rhine-Westphalia","United States","Central"
3280,"Faches-Thumesnil","Nord-Pas-de-Calais","United States","Central"
3292,"Cottage Grove","Minnesota","United States","Central"
3293,"Apple Valley","Minnesota","United States","Central"
3296,"Eagan","Minnesota","United States","Central"
3315,"Denain","Nord-Pas-de-Calais","United States","Central"
3322,"Schiffweiler","Saarland","United States","Central"
3328,"Calais","Nord-Pas-de-Calais","United States","Central"
3329,"Jefferson City","Missouri","United States","Central"
3345,"Alkmaar","North Holland","United States","Central"
3347,"Urbandale","Iowa","United States","Central"
3356,"Vlaardingen","South Holland","United States","Central"
3376,"Roosendaal","North Brabant","United States","Central"
3380,"Agde","Languedoc-Roussillon","United States","Central"
3381,"Vence","Provence-Alpes-Côte d'Azur","United States","Central"
3383,"Saint-Avold","Lorraine","United States","Central"
3390,"Forst","Brandenburg","United States","Central"
3395,"New Castle","Indiana","United States","Central"
3398,"Mesquite","Texas","United States","Central"
3417,"Sterling Heights","Michigan","United States","Central"
3421,"Cluses","Rhône-Alpes","United States","Central"
3436,"La Porte","Texas","United States","Central"
3437,"Douarnenez","Brittany","United States","Central"
3448,"Tulle","Limousin","United States","Central"
3460,"Aberdeen","South Dakota","United States","Central"
3462,"Grapevine","Texas","United States","Central"
3469,"Venlo","Limburg","United States","Central"
3471,"Riom","Auvergne","United States","Central"
3485,"Unna","North Rhine-Westphalia","United States","Central"
3488,"Blanquefort","Aquitaine","United States","Central"
3494,"Lomme","Nord-Pas-de-Calais","United States","Central"
3499,"Burlington","Iowa","United States","Central"
3500,"Dax","Aquitaine","United States","Central"
3515,"Zwickau","Saxony","United States","Central"
3523,"Veenendaal","Utrecht","United States","Central"
3539,"Lattes","Languedoc-Roussillon","United States","Central"
3541,"Garland","Texas","United States","Central"
3542,"Frisco","Texas","United States","Central"
3546,"La Crau","Provence-Alpes-Côte d'Azur","United States","Central"
3549,"Peer","Limburg","United States","Central"
3555,"Cavaillon","Provence-Alpes-Côte d'Azur","United States","Central"
3556,"West Allis","Wisconsin","United States","Central"
3558,"Digne-les-Bains","Provence-Alpes-Côte d'Azur","United States","Central"
3560,"Maubeuge","Nord-Pas-de-Calais","United States","Central"
3567,"Saint-Jean-de-la-Ruelle","Centre","United States","Central"
3569,"Loos","Nord-Pas-de-Calais","United States","Central"
3570,"Waukesha","Wisconsin","United States","Central"
3575,"Detmold","North Rhine-Westphalia","United States","Central"
3592,"St. Gallen","St. Gallen","United States","Central"
3594,"Günzburg","Bavaria","United States","Central"
3596,"Bergerac","Aquitaine","United States","Central"
3598,"Fontenay-le-Comte","Pays de la Loire","United States","Central"
3606,"Mount Pleasant","Michigan","United States","Central"
3611,"Portage","Indiana","United States","Central"
3613,"Mont-Saint-Aignan","Upper Normandy","United States","Central"
3626,"Tinley Park","Illinois","United States","Central"
3628,"Dole","Franche-Comté","United States","Central"
3636,"Illkirch-Graffenstaden","Alsace","United States","Central"
3641,"Sheboygan","Wisconsin","United States","Central"
3642,"Leiden","South Holland","United States","Central"
3663,"Voiron","Rhône-Alpes","United States","Central"
3667,"Givors","Rhône-Alpes","United States","Central"
3676,"Cestas","Aquitaine","United States","Central"
3680,"Sète","Languedoc-Roussillon","United States","Central"
3691,"Royal Oak","Michigan","United States","Central"
3694,"Aix-les-Bains","Rhône-Alpes","United States","Central"
3705,"Sorgues","Provence-Alpes-Côte d'Azur","United States","Central"
3709,"Oss","North Brabant","United States","Central"
3715,"Missouri City","Texas","United States","Central"
3720,"Deer Park","Texas","United States","Central"
3729,"Stadtlohn","North Rhine-Westphalia","United States","Central"
3730,"Baytown","Texas","United States","Central"
3732,"Waterloo","Iowa","United States","Central"
3739,"Arlington Heights","Illinois","United States","Central"
3743,"Norfolk","Nebraska","United States","Central"
3745,"Iowa City","Iowa","United States","Central"
3746,"Grand Island","Nebraska","United States","Central"
3748,"Keller","Texas","United States","Central"
3749,"Oak Park","Illinois","United States","Central"
3752,"Millau","Midi-Pyrénées","United States","Central"
3755,"Romeoville","Illinois","United States","Central"
3769,"Abilene","Texas","United States","Central"
10,"Concord","North Carolina","United States","South"
11,"Alexandria","Virginia","United States","South"
14,"Toledo","Parana","United States","South"
16,"Henderson","Kentucky","United States","South"
34,"Burlington","North Carolina","United States","South"
43,"Paysandú","Paysandú","United States","South"
51,"Tallahassee","Florida","United States","South"
55,"Richmond","Virginia","United States","South"
56,"Seville","Andalusía","United States","South"
66,"Atlanta","Georgia","United States","South"
92,"Medellín","Antioquia","United States","South"
96,"Vigo","Galicia","United States","South"
105,"Harrisonburg","Virginia","United States","South"
107,"Quito","Pichincha","United States","South"
117,"Treviso","Veneto","United States","South"
129,"Madrid","Madrid","United States","South"
139,"Valencia","Valenciana","United States","South"
140,"Charlotte","North Carolina","United States","South"
157,"Barakaldo","Basque Country","United States","South"
165,"Benidorm","Valenciana","United States","South"
182,"Buenos Aires","Buenos Aires","United States","South"
188,"Feira de Santana","Bahia","United States","South"
190,"Virginia Beach","Virginia","United States","South"
202,"Granollers","Catalonia","United States","South"
216,"Santander","Cantabria","United States","South"
233,"Florence","Kentucky","United States","South"
234,"Turin","Piedmont","United States","South"
243,"Huntsville","Alabama","United States","South"
245,"Bayeux","Paraíba","United States","South"
246,"Columbus","Georgia","United States","South"
262,"Cartagena","Bolívar","United States","South"
270,"Barletta","Apulia","United States","South"
277,"Valparaíso de Goiás","Goiás","United States","South"
282,"Piedecuesta","Santander","United States","South"
302,"Mobile","Alabama","United States","South"
304,"Barcelona","Catalonia","United States","South"
306,"Springfield","Virginia","United States","South"
308,"Rome","Lazio","United States","South"
313,"Bogotá","Bogota","United States","South"
318,"Reggio nell'Emilia","Emilia-Romagna","United States","South"
346,"Lafayette","Louisiana","United States","South"
347,"Lisbon","Lisboa","United States","South"
357,"Rovigo","Veneto","United States","South"
358,"Soacha","Cundinamarca","United States","South"
374,"Pamplona","Navarra","United States","South"
376,"Oviedo","Asturias","United States","South"
379,"Torrevieja","Valenciana","United States","South"
390,"Burgos","Castile and León","United States","South"
404,"Elx","Valenciana","United States","South"
406,"Brasília","Federal District","United States","South"
408,"Bologna","Emilia-Romagna","United States","South"
411,"Velletri","Lazio","United States","South"
416,"Açu","Rio Grande do Norte","United States","South"
418,"Sandy Springs","Georgia","United States","South"
428,"Joinville","Santa Catarina","United States","South"
429,"Colombo","Parana","United States","South"
438,"Jacksonville","Florida","United States","South"
444,"Roswell","Georgia","United States","South"
472,"Trento","Trentino-Alto Adige","United States","South"
473,"Ravenna","Emilia-Romagna","United States","South"
478,"Milan","Lombardy","United States","South"
481,"Uberaba","Minas Gerais","United States","South"
486,"Paranaguá","Parana","United States","South"
499,"Indaial","Santa Catarina","United States","South"
503,"Fernando de la Mora","Central","United States","South"
519,"Serra","Espírito Santo","United States","South"
520,"Florence","Tuscany","United States","South"
521,"Raleigh","North Carolina","United States","South"
522,"Pescara","Abruzzi","United States","South"
530,"San Severo","Apulia","United States","South"
531,"San Luis","San Luis","United States","South"
563,"Chesapeake","Virginia","United States","South"
571,"San Sebastian","Basque Country","United States","South"
575,"Oruro","Oruro","United States","South"
594,"Copiapó","Atacama","United States","South"
603,"Petrópolis","Rio de Janeiro","United States","South"
609,"Fayetteville","North Carolina","United States","South"
610,"Araguaína","Tocantins","United States","South"
613,"Miami","Florida","United States","South"
621,"Greenville","North Carolina","United States","South"
632,"Grajaú","Maranhão","United States","South"
635,"Huelva","Andalusía","United States","South"
637,"Louisville","Kentucky","United States","South"
658,"Curitiba","Parana","United States","South"
663,"Waynesboro","Virginia","United States","South"
666,"Conselheiro Lafaiete","Minas Gerais","United States","South"
668,"Cochabamba","Cochabamba","United States","South"
673,"Talcahuano","Biobio","United States","South"
674,"Santiago","Santiago","United States","South"
678,"Sesto San Giovanni","Lombardy","United States","South"
679,"Florence","Alabama","United States","South"
684,"Macapá","Amapá","United States","South"
687,"Venice","Veneto","United States","South"
689,"Bilbao","Basque Country","United States","South"
694,"Capannori","Tuscany","United States","South"
710,"Hialeah","Florida","United States","South"
711,"Marietta","Georgia","United States","South"
718,"Georgetown","Kentucky","United States","South"
719,"Villa Alemana","Valparaíso","United States","South"
721,"São Gonçalo","Rio de Janeiro","United States","South"
722,"Richmond","Kentucky","United States","South"
724,"Carora","Lara","United States","South"
725,"Orihuela","Valenciana","United States","South"
734,"Natal","Rio Grande do Norte","United States","South"
736,"Lakeland","Florida","United States","South"
749,"Montenegro","Quindío","United States","South"
750,"Asheville","North Carolina","United States","South"
768,"Cabo de Santo Agostinho","Pernambuco","United States","South"
774,"Parla","Madrid","United States","South"
779,"Soledad","Atlántico","United States","South"
781,"Paulista","Pernambuco","United States","South"
784,"Cajazeiras","Paraíba","United States","South"
786,"Zamora","Castile and León","United States","South"
792,"Bello","Antioquia","United States","South"
795,"El Prat de Llobregat","Catalonia","United States","South"
797,"Albacete","Castile-La Mancha","United States","South"
799,"Maringá","Parana","United States","South"
800,"Osorno","Los Lagos","United States","South"
801,"Brindisi","Apulia","United States","South"
816,"Santa Cruz de la Sierra","Santa Cruz","United States","South"
818,"Jacksonville","North Carolina","United States","South"
832,"Aprilia","Lazio","United States","South"
838,"Castanhal","Pará","United States","South"
840,"La Spezia","Liguria","United States","South"
849,"Quevedo","Los Rios","United States","South"
854,"Presidente Dutra","Maranhão","United States","South"
860,"Fort Lauderdale","Florida","United States","South"
867,"Puertollano","Castile-La Mancha","United States","South"
872,"Murcia","Murcia","United States","South"
884,"Montevideo","Montevideo","United States","South"
888,"Catania","Sicily","United States","South"
901,"Bossier City","Louisiana","United States","South"
904,"Tampa","Florida","United States","South"
906,"Patrocínio","Minas Gerais","United States","South"
915,"Balneário Camboriú","Santa Catarina","United States","South"
921,"Bari","Apulia","United States","South"
944,"Montgomery","Alabama","United States","South"
954,"Newport News","Virginia","United States","South"
958,"Dos Hermanas","Andalusía","United States","South"
971,"Altamura","Apulia","United States","South"
982,"La Plata","Provincia de Buenos Aires","United States","South"
989,"Ferrara","Emilia-Romagna","United States","South"
994,"Itamaraju","Bahia","United States","South"
1001,"Ibirité","Minas Gerais","United States","South"
1009,"Greensboro","North Carolina","United States","South"
1013,"Santa Marta","Magdalena","United States","South"
1014,"Córdoba","Córdoba","United States","South"
1027,"Santiago de Compostela","Galicia","United States","South"
1029,"San Juan","San Juan","United States","South"
1030,"Manaus","Amazonas","United States","South"
1044,"Clarksville","Tennessee","United States","South"
1051,"Columbia","South Carolina","United States","South"
1053,"Manizales","Caldas","United States","South"
1062,"Ponferrada","Castile and León","United States","South"
1075,"São Luís","Maranhão","United States","South"
1080,"Ponte Nova","Minas Gerais","United States","South"
1084,"Valladolid","Castile and León","United States","South"
1085,"Fuengirola","Andalusía","United States","South"
1090,"Nova Serrana","Minas Gerais","United States","South"
1092,"Guadalajara","Castile-La Mancha","United States","South"
1094,"Santa Helena","Maranhão","United States","South"
1096,"Belo Horizonte","Minas Gerais","United States","South"
1100,"Amadora","Lisboa","United States","South"
1103,"Smyrna","Georgia","United States","South"
1105,"Jamundí","Valle del Cauca","United States","South"
1109,"Lorca","Murcia","United States","South"
1111,"Caucaia","Ceará","United States","South"
1114,"Fortaleza","Ceará","United States","South"
1120,"Bom Jesus da Lapa","Bahia","United States","South"
1121,"Arlington","Virginia","United States","South"
1124,"Asti","Piedmont","United States","South"
1131,"Ananindeua","Pará","United States","South"
1135,"Comodoro Rivadavia","Chubut","United States","South"
1138,"Resistencia","Chaco","United States","South"
1144,"Nashville","Tennessee","United States","South"
1164,"Little Rock","Arkansas","United States","South"
1174,"Casoria","Campania","United States","South"
1176,"Barra Mansa","Rio de Janeiro","United States","South"
1180,"Ibagué","Tolima","United States","South"
1186,"Perugia","Umbria","United States","South"
1188,"Francisco Beltrão","Parana","United States","South"
1195,"Naples","Campania","United States","South"
1205,"Itajaí","Santa Catarina","United States","South"
1206,"Goiânia","Goiás","United States","South"
1208,"Marano di Napoli","Campania","United States","South"
1223,"Varese","Lombardy","United States","South"
1226,"Coimbra","Coimbra","United States","South"
1230,"Puerto La Cruz","Anzoátegui","United States","South"
1231,"Teresópolis","Rio de Janeiro","United States","South"
1232,"Juiz de Fora","Minas Gerais","United States","South"
1233,"Foggia","Apulia","United States","South"
1238,"Criciúma","Santa Catarina","United States","South"
1239,"Palma de Mallorca","Balearic Islands","United States","South"
1250,"Chiclana de la Frontera","Andalusía","United States","South"
1252,"Suffolk","Virginia","United States","South"
1264,"Knoxville","Tennessee","United States","South"
1267,"Vicenza","Veneto","United States","South"
1268,"Lima","Lima (city)","United States","South"
1286,"Dos Quebradas","Risaralda","United States","South"
1298,"Parma","Emilia-Romagna","United States","South"
1299,"Maceió","Alagoas","United States","South"
1304,"Taranto","Apulia","United States","South"
1309,"Jackson","Mississippi","United States","South"
1311,"Lugo","Galicia","United States","South"
1312,"Potosí","Potosí","United States","South"
1320,"Chillán","Biobio","United States","South"
1331,"Presidencia Roque Sáenz Peña","Chaco","United States","South"
1336,"Arica","Arica y Parinacota","United States","South"
1343,"Messina","Sicily","United States","South"
1349,"Prato","Tuscany","United States","South"
1351,"Alicante","Valenciana","United States","South"
1360,"Caracas","Distrito Capital","United States","South"
1378,"Valencia","Carabobo","United States","South"
1386,"Deltona","Florida","United States","South"
1395,"Como","Lombardy","United States","South"
1399,"Memphis","Tennessee","United States","South"
1403,"Vitoria","Basque Country","United States","South"
1409,"Genoa","Liguria","United States","South"
1416,"Durham","North Carolina","United States","South"
1421,"Cuiabá","Mato Grosso","United States","South"
1425,"Tamarac","Florida","United States","South"
1426,"Cúcuta","Norte de Santander","United States","South"
1427,"Ijuí","Rio Grande do Sul","United States","South"
1432,"Lecce","Apulia","United States","South"
1443,"Jackson","Tennessee","United States","South"
1449,"Pozzuoli","Campania","United States","South"
1452,"Divinópolis","Minas Gerais","United States","South"
1455,"Passo Fundo","Rio Grande do Sul","United States","South"
1459,"Palermo","Sicily","United States","South"
1464,"Cagliari","Sardinia","United States","South"
1469,"Charallave","Miranda","United States","South"
1476,"Jonesboro","Arkansas","United States","South"
1478,"Grosseto","Tuscany","United States","South"
1485,"Cuenca","Azuay","United States","South"
1492,"Smyrna","Tennessee","United States","South"
1493,"Hoover","Alabama","United States","South"
1494,"Ituiutaba","Minas Gerais","United States","South"
1498,"Jerez de la Frontera","Andalusía","United States","South"
1499,"Carrara","Tuscany","United States","South"
1504,"Guacara","Carabobo","United States","South"
1507,"Montes Claros","Minas Gerais","United States","South"
1511,"Puente Alto","Santiago","United States","South"
1516,"Acerra","Campania","United States","South"
1524,"San Bernardo","Santiago","United States","South"
1536,"João Pessoa","Paraíba","United States","South"
1541,"Fayetteville","Arkansas","United States","South"
1545,"Rosario","Santa Fe","United States","South"
1549,"Kissimmee","Florida","United States","South"
1551,"Cambé","Parana","United States","South"
1552,"Aracaju","Sergipe","United States","South"
1555,"Limoeiro do Norte","Ceará","United States","South"
1562,"Novo Gama","Goiás","United States","South"
1569,"Resende","Rio de Janeiro","United States","South"
1581,"Auburn","Alabama","United States","South"
1595,"Castelldefels","Catalonia","United States","South"
1598,"Chapecó","Santa Catarina","United States","South"
1600,"Coral Springs","Florida","United States","South"
1615,"Ciénaga","Magdalena","United States","South"
1618,"Abreu e Lima","Pernambuco","United States","South"
1619,"Pereira","Risaralda","United States","South"
1624,"Baruta","Miranda","United States","South"
1633,"Decatur","Alabama","United States","South"
1653,"El Ejido","Andalusía","United States","South"
1682,"Granada","Andalusía","United States","South"
1685,"Porto","Porto","United States","South"
1686,"Columbia","Tennessee","United States","South"
1694,"Duitama","Boyacá","United States","South"
1696,"Caxias do Sul","Rio Grande do Sul","United States","South"
1701,"Lucca","Tuscany","United States","South"
1704,"Pelotas","Rio Grande do Sul","United States","South"
1706,"Campo Grande","Mato Grosso do Sul","United States","South"
1711,"Florence","South Carolina","United States","South"
1714,"Guayaquil","Guayas","United States","South"
1715,"Rancagua","O'Higgins","United States","South"
1724,"Rondonópolis","Mato Grosso","United States","South"
1726,"Coslada","Madrid","United States","South"
1727,"Plantation","Florida","United States","South"
1738,"Gastonia","North Carolina","United States","South"
1772,"Bolzano","Trentino-Alto Adige","United States","South"
1775,"Farroupilha","Rio Grande do Sul","United States","South"
1781,"Lora del Río","Andalusía","United States","South"
1793,"Guatire","Miranda","United States","South"
1795,"San Lorenzo","Central","United States","South"
1800,"Barranquilla","Atlántico","United States","South"
1803,"Blumenau","Santa Catarina","United States","South"
1805,"Gravatá","Pernambuco","United States","South"
1809,"Trapani","Sicily","United States","South"
1811,"Sapucaia do Sul","Rio Grande do Sul","United States","South"
1812,"Paço do Lumiar","Maranhão","United States","South"
1829,"Verona","Veneto","United States","South"
1849,"Legnano","Lombardy","United States","South"
1851,"Arequipa","Arequipa","United States","South"
1852,"Gravataí","Rio Grande do Sul","United States","South"
1853,"Niterói","Rio de Janeiro","United States","South"
1866,"Irun","Basque Country","United States","South"
1871,"Santa Rosa","Rio Grande do Sul","United States","South"
1872,"Paraná","Entre Ríos","United States","South"
1877,"Murray","Kentucky","United States","South"
1878,"Salvador","Bahia","United States","South"
1895,"Maracaibo","Zulia","United States","South"
1898,"Guanambi","Bahia","United States","South"
1901,"Las Rozas de Madrid","Madrid","United States","South"
1907,"Barreiras","Bahia","United States","South"
1913,"San Rafael","Mendoza","United States","South"
1915,"Woodstock","Georgia","United States","South"
1918,"Punta Arenas","Magallanes y Antártica Chilena","United States","South"
1924,"Southaven","Mississippi","United States","South"
1925,"Neiva","Huila","United States","South"
1927,"Tarragona","Catalonia","United States","South"
1929,"Canoas","Rio Grande do Sul","United States","South"
1932,"Ceuta","Ceuta","United States","South"
1937,"Quilmes","Provincia de Buenos Aires","United States","South"
1938,"Rio Branco","Acre","United States","South"
1944,"Huancayo","Junín","United States","South"
1950,"Girona","Catalonia","United States","South"
1956,"Cerignola","Apulia","United States","South"
1961,"Surubim","Pernambuco","United States","South"
1970,"Pilar","Alagoas","United States","South"
1999,"Mount Pleasant","South Carolina","United States","South"
2003,"Wilmington","North Carolina","United States","South"
2004,"Chieti","Abruzzi","United States","South"
2009,"Badalona","Catalonia","United States","South"
2013,"Monroe","Louisiana","United States","South"
2018,"Araranguá","Santa Catarina","United States","South"
2037,"Pasto","Nariño","United States","South"
2039,"Apopka","Florida","United States","South"
2049,"Cartagena","Murcia","United States","South"
2057,"Paracatu","Minas Gerais","United States","South"
2059,"Quibdó","Chocó","United States","South"
2063,"Vitória","Espírito Santo","United States","South"
2065,"Sabadell","Catalonia","United States","South"
2069,"San Fernando","Andalusía","United States","South"
2074,"Cremona","Lombardy","United States","South"
2075,"Duque de Caxias","Rio de Janeiro","United States","South"
2078,"Lajeado","Rio Grande do Sul","United States","South"
2081,"Getafe","Madrid","United States","South"
2087,"Gaspar","Santa Catarina","United States","South"
2089,"Betim","Minas Gerais","United States","South"
2091,"Rolândia","Parana","United States","South"
2098,"Modica","Sicily","United States","South"
2115,"Palencia","Castile and León","United States","South"
2122,"Recife","Pernambuco","United States","South"
2125,"Monroe","North Carolina","United States","South"
2132,"Latina","Lazio","United States","South"
2136,"Torre del Greco","Campania","United States","South"
2143,"Los Patios","Norte de Santander","United States","South"
2144,"Anápolis","Goiás","United States","South"
2145,"Orlando","Florida","United States","South"
2147,"Porto Alegre","Rio Grande do Sul","United States","South"
2159,"Valle de La Pascua","Guárico","United States","South"
2160,"Viterbo","Lazio","United States","South"
2161,"Talavera de la Reina","Castile-La Mancha","United States","South"
2163,"Montecatini Terme","Tuscany","United States","South"
2164,"Guayana","Bolivar","United States","South"
2169,"Pucallpa","Ucayali","United States","South"
2170,"Johnson City","Tennessee","United States","South"
2172,"Capua","Campania","United States","South"
2174,"Chincha Alta","Ica","United States","South"
2176,"Sousa","Paraíba","United States","South"
2178,"Boscoreale","Campania","United States","South"
2181,"Yacuiba","Tarija","United States","South"
2182,"La Pintana","Santiago","United States","South"
2186,"Teresina","Piauí","United States","South"
2190,"Girón","Santander","United States","South"
2192,"Altamira","Pará","United States","South"
2194,"Cabo Frio","Rio de Janeiro","United States","South"
2209,"Passos","Minas Gerais","United States","South"
2241,"Callao","Callao","United States","South"
2247,"Catia La Mar","Vargas","United States","South"
2251,"Hollywood","Florida","United States","South"
2257,"Boa Vista","Roraima","United States","South"
2258,"Pine Bluff","Arkansas","United States","South"
2265,"Gallarate","Lombardy","United States","South"
2267,"Franklin","Tennessee","United States","South"
2272,"São Miguel dos Campos","Alagoas","United States","South"
2282,"Portoviejo","Manabi","United States","South"
2284,"São Leopoldo","Rio Grande do Sul","United States","South"
2285,"Pistoia","Tuscany","United States","South"
2286,"Rubí","Catalonia","United States","South"
2290,"Bergamo","Lombardy","United States","South"
2295,"Caçador","Santa Catarina","United States","South"
2297,"La Paz","La Paz","United States","South"
2306,"Florencia","Caquetá","United States","South"
2316,"Athens","Georgia","United States","South"
2317,"Saint Petersburg","Florida","United States","South"
2320,"Mossoró","Rio Grande do Norte","United States","South"
2325,"Puerto Montt","Los Lagos","United States","South"
2328,"Barbacena","Minas Gerais","United States","South"
2336,"Penedo","Alagoas","United States","South"
2345,"Senhor do Bonfim","Bahia","United States","South"
2353,"Trieste","Friuli-Venezia Giulia","United States","South"
2358,"Carpi","Emilia-Romagna","United States","South"
2362,"Reus","Catalonia","United States","South"
2363,"Braga","Braga","United States","South"
2364,"Badajoz","Extremadura","United States","South"
2366,"Texarkana","Arkansas","United States","South"
2367,"Sucre","Chuquisaca","United States","South"
2371,"Vacaria","Rio Grande do Sul","United States","South"
2372,"Marbella","Andalusía","United States","South"
2373,"Lake Charles","Louisiana","United States","South"
2375,"Bezerros","Pernambuco","United States","South"
2377,"Bagé","Rio Grande do Sul","United States","South"
2394,"Molina de Segura","Murcia","United States","South"
2397,"Esquina","Corrientes","United States","South"
2400,"Uruguaiana","Rio Grande do Sul","United States","South"
2405,"Conway","Arkansas","United States","South"
2409,"Hattiesburg","Mississippi","United States","South"
2411,"Floridablanca","Santander","United States","South"
2414,"Pontes e Lacerda","Mato Grosso","United States","South"
2422,"Monza","Lombardy","United States","South"
2423,"Palm Coast","Florida","United States","South"
2425,"São Pedro da Aldeia","Rio de Janeiro","United States","South"
2441,"Civitavecchia","Lazio","United States","South"
2447,"Tivoli","Lazio","United States","South"
2452,"Marsala","Sicily","United States","South"
2455,"Sant Boi de Llobregat","Catalonia","United States","South"
2459,"Cruz das Almas","Bahia","United States","South"
2460,"Cipolletti","Río Negro","United States","South"
2462,"Arauca","Arauca","United States","South"
2469,"Benevento","Campania","United States","South"
2474,"Quixadá","Ceará","United States","South"
2476,"Porlamar","Nueva Esparta","United States","South"
2482,"Delray Beach","Florida","United States","South"
2483,"Pembroke Pines","Florida","United States","South"
2484,"Ipiales","Nariño","United States","South"
2492,"Ocaña","Norte de Santander","United States","South"
2498,"Mar del Plata","Provincia de Buenos Aires","United States","South"
2500,"Agrigento","Sicily","United States","South"
2504,"Poços de Caldas","Minas Gerais","United States","South"
2506,"Novara","Piedmont","United States","South"
2508,"Asunción","Asunción","United States","South"
2509,"Mendoza","Mendoza","United States","South"
2512,"Itaúna","Minas Gerais","United States","South"
2516,"Miramar","Florida","United States","South"
2520,"Acireale","Sicily","United States","South"
2522,"Hampton","Virginia","United States","South"
2527,"San José de Guanipa","Anzoátegui","United States","South"
2541,"San Justo","Santa Fe","United States","South"
2542,"Santo Domingo de los Colorados","Pichincha","United States","South"
2547,"Bisceglie","Apulia","United States","South"
2549,"Jurema","Pernambuco","United States","South"
2552,"Marina di Carrara","Tuscany","United States","South"
2555,"Alcobendas","Madrid","United States","South"
2560,"Lebanon","Tennessee","United States","South"
2561,"Pinheiro","Maranhão","United States","South"
2564,"Barreirinhas","Maranhão","United States","South"
2569,"Cesena","Emilia-Romagna","United States","South"
2573,"Ercolano","Campania","United States","South"
2585,"Vilhena","Rondônia","United States","South"
2588,"Antofagasta","Antofagasta","United States","South"
2594,"Bucaramanga","Santander","United States","South"
2604,"Las Piedras","Canelones","United States","South"
2610,"Caserta","Campania","United States","South"
2613,"Posadas","Misiones","United States","South"
2614,"Brumado","Bahia","United States","South"
2616,"Chattanooga","Tennessee","United States","South"
2617,"Salem","Virginia","United States","South"
2629,"Guanare","Portuguesa","United States","South"
2647,"Hendersonville","Tennessee","United States","South"
2648,"Acarigua","Portuguesa","United States","South"
2649,"Maturín","Monagas","United States","South"
2651,"Barquisimeto","Lara","United States","South"
2665,"Umuarama","Parana","United States","South"
2679,"Sanford","Florida","United States","South"
2687,"Ancona","Marche","United States","South"
2694,"Navegantes","Santa Catarina","United States","South"
2698,"Brescia","Lombardy","United States","South"
2706,"Malambo","Atlántico","United States","South"
2708,"Iquitos","Loreto","United States","South"
2719,"Vittoria","Sicily","United States","South"
2724,"Daytona Beach","Florida","United States","South"
2727,"Valdemoro","Madrid","United States","South"
2731,"Salamanca","Castile and León","United States","South"
2732,"Santiago del Estero","Santiago del Estero","United States","South"
2738,"Cártama","Andalusía","United States","South"
2743,"Contagem","Minas Gerais","United States","South"
2749,"Boa Esperança","Minas Gerais","United States","South"
2750,"Armenia","Quindío","United States","South"
2751,"Petare","Miranda","United States","South"
2754,"Guidonia Montecelio","Lazio","United States","South"
2759,"Tianguá","Ceará","United States","South"
2760,"North Charleston","South Carolina","United States","South"
2763,"Valledupar","Cesar","United States","South"
2767,"Vignola","Emilia-Romagna","United States","South"
2776,"Port Saint Lucie","Florida","United States","South"
2777,"Bolívar","Bolivar","United States","South"
2781,"Yaritagua","Yaracuy","United States","South"
2788,"Warner Robins","Georgia","United States","South"
2797,"Fano","Marche","United States","South"
2798,"Feira","Aveiro","United States","South"
2808,"Trinidad","Beni","United States","South"
2811,"Getxo","Basque Country","United States","South"
2813,"Piacenza","Emilia-Romagna","United States","South"
2819,"Garanhuns","Pernambuco","United States","South"
2822,"Maracay","Aragua","United States","South"
2823,"Summerville","South Carolina","United States","South"
2826,"Vassouras","Rio de Janeiro","United States","South"
2828,"Viña del Mar","Valparaíso","United States","South"
2830,"Trani","Apulia","United States","South"
2831,"Toledo","Castile-La Mancha","United States","South"
2840,"Arcoverde","Pernambuco","United States","South"
2842,"Bowling Green","Kentucky","United States","South"
2846,"Jequié","Bahia","United States","South"
2848,"Chimbote","Ancash","United States","South"
2849,"Cartago","Valle del Cauca","United States","South"
2850,"Fuenlabrada","Madrid","United States","South"
2852,"Wilson","North Carolina","United States","South"
2854,"Pomezia","Lazio","United States","South"
2863,"Cumaná","Sucre","United States","South"
2865,"Pirapora","Minas Gerais","United States","South"
2869,"Eunápolis","Bahia","United States","South"
2872,"Santa Cruz do Sul","Rio Grande do Sul","United States","South"
2874,"Gandia","Valenciana","United States","South"
2876,"Águas Lindas de Goiás","Goiás","United States","South"
2877,"Moncalieri","Piedmont","United States","South"
2884,"Valparaíso","Valparaíso","United States","South"
2886,"Arrentela","Setúbal","United States","South"
2888,"Hot Springs","Arkansas","United States","South"
2892,"Camaçari","Bahia","United States","South"
2895,"Vespasiano","Minas Gerais","United States","South"
2898,"Ji-Paraná","Rondônia","United States","South"
2902,"Barra do Piraí","Rio de Janeiro","United States","South"
2905,"Pontevedra","Galicia","United States","South"
2907,"Arezzo","Tuscany","United States","South"
2908,"Mijas","Andalusía","United States","South"
2910,"Camocim","Ceará","United States","South"
2923,"Molfetta","Apulia","United States","South"
2925,"Majadahonda","Madrid","United States","South"
2927,"Floriano","Piauí","United States","South"
2931,"Sagunto","Valenciana","United States","South"
2933,"Avellino","Campania","United States","South"
2937,"Oriximiná","Pará","United States","South"
2938,"Erechim","Rio Grande do Sul","United States","South"
2941,"Ayacucho","Ayacucho","United States","South"
2943,"Corrientes","Corrientes","United States","South"
2951,"Guarapari","Espírito Santo","United States","South"
2961,"Itapecuru Mirim","Maranhão","United States","South"
2963,"Santa Fe","Santa Fe","United States","South"
2968,"Sogamoso","Boyacá","United States","South"
2970,"El Escorial","Madrid","United States","South"
2971,"Cary","North Carolina","United States","South"
2973,"Avellaneda","Santa Fe","United States","South"
2974,"Treviglio","Lombardy","United States","South"
2981,"Juazeiro","Bahia","United States","South"
2992,"Cosenza","Calabria","United States","South"
2997,"Boynton Beach","Florida","United States","South"
2998,"Juliaca","Puno","United States","South"
3001,"Potenza","Basilicata","United States","South"
3002,"Dourados","Mato Grosso do Sul","United States","South"
3013,"Cinisello Balsamo","Lombardy","United States","South"
3020,"Guimarães","Braga","United States","South"
3023,"Turmero","Aragua","United States","South"
3024,"Palmira","Valle del Cauca","United States","South"
3025,"Ilo","Moquegua","United States","South"
3036,"Ilhéus","Bahia","United States","South"
3054,"San Salvador de Jujuy","Jujuy","United States","South"
3059,"Palo Negro","Aragua","United States","South"
3063,"Macon","Georgia","United States","South"
3068,"Arapiraca","Alagoas","United States","South"
3069,"Santa Rosa","La Pampa","United States","South"
3071,"Anzio","Lazio","United States","South"
3079,"Ariquemes","Rondônia","United States","South"
3081,"Rio Grande","Rio Grande do Sul","United States","South"
3083,"Bristol","Tennessee","United States","South"
3084,"Palmares","Pernambuco","United States","South"
3094,"Puno","Puno","United States","South"
3103,"Jacobina","Bahia","United States","South"
3105,"Neuquén","Neuquén","United States","South"
3111,"Cajamarca","Cajamarca","United States","South"
3115,"Alessandria","Piedmont","United States","South"
3116,"Gela","Sicily","United States","South"
3118,"La Rioja","La Rioja","United States","South"
3120,"Bahía Blanca","Provincia de Buenos Aires","United States","South"
3136,"Kenner","Louisiana","United States","South"
3138,"Villavicencio","Meta","United States","South"
3141,"Chioggia","Veneto","United States","South"
3143,"Pompano Beach","Florida","United States","South"
3153,"Pisa","Tuscany","United States","South"
3165,"Sassari","Sardinia","United States","South"
3167,"San Nicolás de los Arroyos","Provincia de Buenos Aires","United States","South"
3171,"Melbourne","Florida","United States","South"
3173,"Iquique","Tarapacá","United States","South"
3174,"Barcelona","Anzoátegui","United States","South"
3180,"Loures","Lisboa","United States","South"
3183,"Várzea Grande","Mato Grosso","United States","South"
3190,"Salta","Salta","United States","South"
3192,"Quartu Sant'Elena","Sardinia","United States","South"
3195,"Imola","Emilia-Romagna","United States","South"
3201,"Portici","Campania","United States","South"
3214,"El Limón","Aragua","United States","South"
3216,"Sobral","Ceará","United States","South"
3229,"Savona","Liguria","United States","South"
3232,"Fiumicino","Lazio","United States","South"
3243,"Hickory","North Carolina","United States","South"
3246,"Gulfport","Mississippi","United States","South"
3249,"Cassilândia","Mato Grosso do Sul","United States","South"
3256,"Goldsboro","North Carolina","United States","South"
3258,"Homestead","Florida","United States","South"
3259,"Trujillo","La Libertad","United States","South"
3260,"Cabimas","Zulia","United States","South"
3264,"Rimini","Emilia-Romagna","United States","South"
3265,"Manacapuru","Amazonas","United States","South"
3268,"Vila Nova de Gaia","Porto","United States","South"
3272,"Coari","Amazonas","United States","South"
3278,"Arapongas","Parana","United States","South"
3281,"Lo Prado","Santiago","United States","South"
3286,"Tuscaloosa","Alabama","United States","South"
3287,"Santarém","Pará","United States","South"
3290,"East Point","Georgia","United States","South"
3291,"Bento Gonçalves","Rio Grande do Sul","United States","South"
3297,"Itaituba","Pará","United States","South"
3310,"Palhoça","Santa Catarina","United States","South"
3311,"Cruzeiro do Sul","Acre","United States","South"
3312,"Murfreesboro","Tennessee","United States","South"
3324,"Elda","Valenciana","United States","South"
3336,"Piura","Piura","United States","South"
3338,"Junín","Provincia de Buenos Aires","United States","South"
3357,"Thomasville","North Carolina","United States","South"
3361,"Pesaro","Marche","United States","South"
3364,"Mosquera","Cundinamarca","United States","South"
3365,"Faenza","Emilia-Romagna","United States","South"
3369,"Vitória de Santo Antão","Pernambuco","United States","South"
3370,"Barranca","Lima","United States","South"
3378,"Foligno","Umbria","United States","South"
3389,"Apucarana","Parana","United States","South"
3393,"Chiclayo","Lambayeque","United States","South"
3396,"Coral Gables","Florida","United States","South"
3402,"Apartadó","Antioquia","United States","South"
3404,"Busto Arsizio","Lombardy","United States","South"
3405,"Ipatinga","Minas Gerais","United States","South"
3406,"Manresa","Catalonia","United States","South"
3411,"Siena","Tuscany","United States","South"
3412,"Concepción del Uruguay","Entre Ríos","United States","South"
3415,"San Carlos del Zulia","Zulia","United States","South"
3416,"Facatativá","Cundinamarca","United States","South"
3422,"Afragola","Campania","United States","South"
3425,"Aracati","Ceará","United States","South"
3427,"Rogers","Arkansas","United States","South"
3428,"Cercola","Campania","United States","South"
3430,"São Benedito","Ceará","United States","South"
3438,"Modena","Emilia-Romagna","United States","South"
3446,"Melilla","Melilla","United States","South"
3449,"West Palm Beach","Florida","United States","South"
3450,"Rock Hill","South Carolina","United States","South"
3451,"Tinaquillo","Cojedes","United States","South"
3455,"Charlottesville","Virginia","United States","South"
3467,"Cidade Ocidental","Goiás","United States","South"
3475,"Mérida","Mérida","United States","South"
3476,"Pato Branco","Parana","United States","South"
3478,"Boca Raton","Florida","United States","South"
3482,"Riberalta","Beni","United States","South"
3487,"Londrina","Parana","United States","South"
3490,"Araucária","Parana","United States","South"
3491,"Vigevano","Lombardy","United States","South"
3495,"Owensboro","Kentucky","United States","South"
3498,"Segovia","Castile and León","United States","South"
3503,"Cuneo","Piedmont","United States","South"
3509,"Pitalito","Huila","United States","South"
3514,"Campina Grande","Paraíba","United States","South"
3524,"Camaragibe","Pernambuco","United States","South"
3527,"San Antonio","Valparaíso","United States","South"
3528,"Crotone","Calabria","United States","South"
3530,"Sabanalarga","Atlántico","United States","South"
3531,"Uberlândia","Minas Gerais","United States","South"
3535,"Cúa","Miranda","United States","South"
3538,"Simões Filho","Bahia","United States","South"
3547,"Parintins","Amazonas","United States","South"
3554,"Lambaré","Central","United States","South"
3561,"Novo Cruzeiro","Minas Gerais","United States","South"
3565,"Igarassu","Pernambuco","United States","South"
3566,"Los Ángeles","Biobio","United States","South"
3571,"Rivera","Rivera","United States","South"
3572,"Bartlett","Tennessee","United States","South"
3580,"Cuenca","Castile-La Mancha","United States","South"
3582,"Guarenas","Miranda","United States","South"
3583,"El Tigre","Anzoátegui","United States","South"
3586,"San Fernando del Valle de Catamarca","Catamarca","United States","South"
3588,"Battipaglia","Campania","United States","South"
3589,"Andria","Apulia","United States","South"
3590,"Castellammare di Stabia","Campania","United States","South"
3595,"Pouso Alegre","Minas Gerais","United States","South"
3597,"Gurupi","Tocantins","United States","South"
3599,"Cagua","Aragua","United States","South"
3601,"Paita","Piura","United States","South"
3602,"Talara","Piura","United States","South"
3608,"Estepona","Andalusía","United States","South"
3609,"Catalão","Goiás","United States","South"
3630,"Falconara Marittima","Marche","United States","South"
3637,"Linhares","Espírito Santo","United States","South"
3638,"Ponteareas","Galicia","United States","South"
3644,"Calabozo","Guárico","United States","South"
3646,"Huaraz","Ancash","United States","South"
3652,"Sinop","Mato Grosso","United States","South"
3654,"Teramo","Abruzzi","United States","South"
3658,"Yopal","Casanare","United States","South"
3665,"Necochea","Provincia de Buenos Aires","United States","South"
3666,"San Cristóbal","Táchira","United States","South"
3670,"Guarapuava","Parana","United States","South"
3671,"Vitória da Conquista","Bahia","United States","South"
3675,"Ragusa","Sicily","United States","South"
3683,"Crato","Ceará","United States","South"
3688,"Manfredonia","Apulia","United States","South"
3689,"Massa","Tuscany","United States","South"
3693,"Jataí","Goiás","United States","South"
3699,"Seropédica","Rio de Janeiro","United States","South"
3700,"Chapel Hill","North Carolina","United States","South"
3702,"Montería","Córdoba","United States","South"
3703,"Margate","Florida","United States","South"
3710,"Odivelas","Lisboa","United States","South"
3712,"Calama","Antofagasta","United States","South"
3721,"North Miami","Florida","United States","South"
3724,"Pensacola","Florida","United States","South"
3734,"Envigado","Antioquia","United States","South"
3738,"Port Orange","Florida","United States","South"
3747,"Springdale","Arkansas","United States","South"
3751,"Sorriso","Mato Grosso","United States","South"
3756,"Torremolinos","Andalusía","United States","South"
3757,"Buriticupu","Maranhão","United States","South"
3760,"Tartagal","Salta","United States","South"
3763,"Jupiter","Florida","United States","South"
3767,"Ormond Beach","Florida","United States","South"
116,"Salto","São Paulo","United States","South"
195,"Tupã","São Paulo","United States","South"
221,"Ibiúna","São Paulo","United States","South"
332,"Ribeirão Preto","São Paulo","United States","South"
366,"São Paulo","São Paulo","United States","South"
396,"Santo André","São Paulo","United States","South"
527,"Lençóis Paulista","São Paulo","United States","South"
559,"Americana","São Paulo","United States","South"
936,"José Bonifácio","São Paulo","United States","South"
943,"Santana de Parnaíba","São Paulo","United States","South"
1125,"Mauá","São Paulo","United States","South"
1190,"Araçatuba","São Paulo","United States","South"
1204,"Limeira","São Paulo","United States","South"
1240,"Taubaté","São Paulo","United States","South"
1307,"Valinhos","São Paulo","United States","South"
1334,"Franca","São Paulo","United States","South"
1448,"Barueri","São Paulo","United States","South"
1501,"Cotia","São Paulo","United States","South"
1543,"Itapevi","São Paulo","United States","South"
1587,"Sorocaba","São Paulo","United States","South"
1700,"Sumaré","São Paulo","United States","South"
1709,"Birigui","São Paulo","United States","South"
1739,"São Bernardo do Campo","São Paulo","United States","South"
1752,"Guarulhos","São Paulo","United States","South"
1955,"Osasco","São Paulo","United States","South"
2030,"Santos","São Paulo","United States","South"
2066,"Presidente Prudente","São Paulo","United States","South"
2107,"Francisco Morato","São Paulo","United States","South"
2113,"Jundiaí","São Paulo","United States","South"
2148,"São José dos Campos","São Paulo","United States","South"
2151,"Andradina","São Paulo","United States","South"
2200,"Jacareí","São Paulo","United States","South"
2291,"Diadema","São Paulo","United States","South"
2294,"Jaú","São Paulo","United States","South"
2300,"Lorena","São Paulo","United States","South"
2464,"Registro","São Paulo","United States","South"
2553,"Taboão da Serra","São Paulo","United States","South"
2583,"Itapecerica da Serra","São Paulo","United States","South"
2672,"Lins","São Paulo","United States","South"
2752,"Bragança Paulista","São Paulo","United States","South"
2753,"Barretos","São Paulo","United States","South"
2764,"Pindamonhangaba","São Paulo","United States","South"
2801,"Mococa","São Paulo","United States","South"
2859,"Cruzeiro","São Paulo","United States","South"
2978,"Indaiatuba","São Paulo","United States","South"
3011,"Catanduva","São Paulo","United States","South"
3085,"Guarujá","São Paulo","United States","South"
3088,"Guaratinguetá","São Paulo","United States","South"
3125,"Caraguatatuba","São Paulo","United States","South"
3134,"Tatuí","São Paulo","United States","South"
3142,"Praia Grande","São Paulo","United States","South"
3152,"Itapetininga","São Paulo","United States","South"
3175,"Votuporanga","São Paulo","United States","South"
3233,"Itu","São Paulo","United States","South"
3410,"Carapicuíba","São Paulo","United States","South"
3432,"Itapeva","São Paulo","United States","South"
3440,"São Vicente","São Paulo","United States","South"
3465,"Campo Limpo Paulista","São Paulo","United States","South"
3481,"Mogi das Cruzes","São Paulo","United States","South"
3563,"Araraquara","São Paulo","United States","South"
3593,"Cubatão","São Paulo","United States","South"
3645,"Jaboticabal","São Paulo","United States","South"
3686,"Cosmópolis","São Paulo","United States","South"
3727,"Franco da Rocha","São Paulo","United States","South"
13,"Jizan","Jizan","United States","EMEA"
19,"Bytom","Silesia","United States","EMEA"
44,"Behshahr","Mazandaran","United States","EMEA"
59,"Kharkiv","Kharkiv","United States","EMEA"
130,"Jeddah","Makkah","United States","EMEA"
138,"Brest","Brest","United States","EMEA"
141,"Zhytomyr","Zhytomyr","United States","EMEA"
162,"Shiraz","Fars","United States","EMEA"
168,"Astrakhan'","Astrakhan'","United States","EMEA"
178,"Baku","Baki","United States","EMEA"
181,"Vilnius","Vilnius","United States","EMEA"
207,"Piatra-Neamt","Neamt","United States","EMEA"
210,"Izmir","Izmir","United States","EMEA"
220,"Rybinsk","Yaroslavl'","United States","EMEA"
231,"Gyula","Bekes","United States","EMEA"
244,"Buzau","Buzau","United States","EMEA"
268,"Khorramabad","Lorestan","United States","EMEA"
280,"Kermanshah","Kermanshah","United States","EMEA"
303,"Al Amarah","Maysan","United States","EMEA"
305,"Mashhad","Razavi Khorasan","United States","EMEA"
310,"Gyor","Gyor","United States","EMEA"
315,"Tbilisi","Tbilisi","United States","EMEA"
320,"Lublin","Lublin","United States","EMEA"
322,"Elbasan","Elbasan","United States","EMEA"
323,"Voronezh","Voronezh","United States","EMEA"
331,"Podgorica","Podgorica","United States","EMEA"
336,"Hamadan","Hamadan","United States","EMEA"
353,"Ufa","Bashkortostan","United States","EMEA"
354,"Tehran","Tehran","United States","EMEA"
360,"Vienna","Vienna","United States","EMEA"
362,"Luts'k","Volyn","United States","EMEA"
381,"Poltava","Poltava","United States","EMEA"
389,"Vladimir","Vladimir","United States","EMEA"
410,"Doha","Ad Dawhah","United States","EMEA"
450,"Kaliningrad","Kaliningrad","United States","EMEA"
452,"Ad Diwaniyah","Al Qadisiyah","United States","EMEA"
459,"Istanbul","Istanbul","United States","EMEA"
460,"Kaunas","Kaunas","United States","EMEA"
461,"Ardabil","Ardabil","United States","EMEA"
463,"Mecca","Makkah","United States","EMEA"
484,"Tallinn","Harjumaa","United States","EMEA"
489,"Bandirma","Balikesir","United States","EMEA"
501,"Riyadh","Ar Riyad","United States","EMEA"
505,"Malayer","Hamadan","United States","EMEA"
517,"Magnitogorsk","Chelyabinsk","United States","EMEA"
529,"Baghdad","Baghdad","United States","EMEA"
536,"Prague","Prague","United States","EMEA"
560,"Kashan","Esfahan","United States","EMEA"
565,"L'viv","L'viv","United States","EMEA"
567,"Arbil","Arbil","United States","EMEA"
580,"Blagoveshchensk","Amur","United States","EMEA"
589,"Durres","Durrës","United States","EMEA"
607,"Homs","Hims","United States","EMEA"
619,"Chelyabinsk","Chelyabinsk","United States","EMEA"
631,"Rasht","Gilan","United States","EMEA"
634,"Beirut","Beirut","United States","EMEA"
661,"Kutahya","Kutahya","United States","EMEA"
690,"Bagcilar","Istanbul","United States","EMEA"
713,"Torbali","Izmir","United States","EMEA"
723,"Katowice","Silesia","United States","EMEA"
727,"Fasa","Fars","United States","EMEA"
744,"Sofia","Sofiya-Grad","United States","EMEA"
745,"Kryvyy Rih","Dnipropetrovs'k","United States","EMEA"
754,"Makhachkala","Dagestan","United States","EMEA"
780,"Ramat Aviv","Tel Aviv","United States","EMEA"
817,"Donets'k","Donetsk","United States","EMEA"
827,"Brasov","Brasov","United States","EMEA"
851,"Sakaka","Al Jawf","United States","EMEA"
878,"Arkhangelsk","Arkhangel'sk","United States","EMEA"
879,"Ljubljana","Ljubljana","United States","EMEA"
882,"Nizhyn","Chernihiv","United States","EMEA"
886,"Dnipropetrovs'k","Dnipropetrovs'k","United States","EMEA"
894,"Arzgir","Stavropol'","United States","EMEA"
899,"Vinnytsya","Vinnytsya","United States","EMEA"
905,"Ashdod","Southern","United States","EMEA"
912,"Galati","Galati","United States","EMEA"
923,"Tabuk","Tabuk","United States","EMEA"
928,"Bene Beraq","Tel Aviv","United States","EMEA"
938,"Basra","Al Basrah","United States","EMEA"
977,"Qom","Qom","United States","EMEA"
986,"Budapest","Budapest","United States","EMEA"
1024,"Dabrowa Gornicza","Silesia","United States","EMEA"
1042,"Karbala'","Karbala'","United States","EMEA"
1043,"Hrodna","Hrodna","United States","EMEA"
1049,"Beykoz","Istanbul","United States","EMEA"
1079,"Shumen","Shumen","United States","EMEA"
1089,"Adana","Adana","United States","EMEA"
1112,"Borujerd","Lorestan","United States","EMEA"
1150,"Mamak","Ankara","United States","EMEA"
1157,"Kerman","Kerman","United States","EMEA"
1162,"Gdansk","Pomerania","United States","EMEA"
1182,"Ulan Bator","Ulaanbaatar","United States","EMEA"
1201,"Silivri","Istanbul","United States","EMEA"
1217,"Kramators'k","Donetsk","United States","EMEA"
1246,"Kazerun","Fars","United States","EMEA"
1283,"Ploiesti","Prahova","United States","EMEA"
1285,"Saqqez","Kordestan","United States","EMEA"
1289,"Hradec Kralove","Hradec Kralove","United States","EMEA"
1296,"Kopeysk","Chelyabinsk","United States","EMEA"
1301,"Samarra'","Salah Ad Din","United States","EMEA"
1303,"Sumy","Sumy","United States","EMEA"
1317,"Dayr az Zawr","Dayr Az Zawr","United States","EMEA"
1318,"Irkutsk","Irkutsk","United States","EMEA"
1324,"Bryansk","Bryansk","United States","EMEA"
1325,"Severodvinsk","Arkhangel'sk","United States","EMEA"
1339,"Nazilli","Aydin","United States","EMEA"
1345,"Behbahan","Khuzestan","United States","EMEA"
1347,"Cluj-Napoca","Cluj","United States","EMEA"
1348,"Oradea","Bihor","United States","EMEA"
1361,"Oleksandriya","Kirovohrad","United States","EMEA"
1373,"Ivanovo","Ivanovo","United States","EMEA"
1376,"Denizli","Denizli","United States","EMEA"
1380,"Kaluga","Kaluga","United States","EMEA"
1397,"Melitopol'","Zaporizhzhya","United States","EMEA"
1400,"Ashqelon","Southern","United States","EMEA"
1401,"Sarajevo","Federation of Bosnia and Herzegovina","United States","EMEA"
1411,"Khmel'nyts'kyy","Khmel'nyts'kyy","United States","EMEA"
1453,"Lugoj","Timis","United States","EMEA"
1468,"Jerusalem","Jerusalem","United States","EMEA"
1470,"Masjed Soleyman","Khuzestan","United States","EMEA"
1486,"Medina","Al Madinah","United States","EMEA"
1497,"Gaziantep","Gaziantep","United States","EMEA"
1500,"Constanta","Constanta","United States","EMEA"
1503,"Rafsanjan","Kerman","United States","EMEA"
1505,"Al Mubarraz","Ash Sharqiyah","United States","EMEA"
1518,"Khomeynishahr","Esfahan","United States","EMEA"
1528,"Lodz","Lodz","United States","EMEA"
1535,"Mosul","Ninawa","United States","EMEA"
1537,"Sibiu","Sibiu","United States","EMEA"
1546,"Mykolayiv","Mykolayiv","United States","EMEA"
1558,"Yaroslavl'","Yaroslavl'","United States","EMEA"
1559,"Salavat","Bashkortostan","United States","EMEA"
1567,"Zagreb","Grad Zagreb","United States","EMEA"
1573,"Al Hillah","Babil","United States","EMEA"
1593,"Gdynia","Pomerania","United States","EMEA"
1597,"Kaspiysk","Dagestan","United States","EMEA"
1606,"Panevezys","Panevezys","United States","EMEA"
1616,"Bingol","Bingol","United States","EMEA"
1623,"Sari","Mazandaran","United States","EMEA"
1635,"Bishkek","Bishkek","United States","EMEA"
1657,"Rybnik","Silesia","United States","EMEA"
1669,"Termez","Surxondaryo","United States","EMEA"
1708,"Poznan","Greater Poland","United States","EMEA"
1719,"Shahriar","Tehran","United States","EMEA"
1737,"Opole","Opole","United States","EMEA"
1747,"Klagenfurt","Carinthia","United States","EMEA"
1753,"Homyel'","Homyel'","United States","EMEA"
1759,"Al Muharraq","Muharraq","United States","EMEA"
1769,"Bacau","Bacau","United States","EMEA"
1778,"Uskudar","Istanbul","United States","EMEA"
1785,"Zanjan","Zanjan","United States","EMEA"
1789,"Sincan","Ankara","United States","EMEA"
1796,"Sterlitamak","Bashkortostan","United States","EMEA"
1798,"Haifa","Haifa","United States","EMEA"
1818,"Mardin","Mardin","United States","EMEA"
1824,"Taizz","Ta'izz","United States","EMEA"
1832,"Ankara","Ankara","United States","EMEA"
1845,"Amman","'Amman","United States","EMEA"
1855,"Sanandaj","Kordestan","United States","EMEA"
1856,"Gebze","Kocaeli","United States","EMEA"
1859,"Slupsk","Pomerania","United States","EMEA"
1863,"Ras al Khaymah","Ra's Al Khaymah","United States","EMEA"
1875,"Ruda Slaska","Silesia","United States","EMEA"
1883,"Shkoder","Shkodër","United States","EMEA"
1884,"Abadan","Khuzestan","United States","EMEA"
1888,"Ahvaz","Khuzestan","United States","EMEA"
1904,"Chisinau","Chisinau","United States","EMEA"
1910,"Batman","Batman","United States","EMEA"
1914,"Gorgan","Golestan","United States","EMEA"
1921,"Targu Jiu","Gorj","United States","EMEA"
1930,"Timisoara","Timis","United States","EMEA"
1933,"Varna","Varna","United States","EMEA"
1934,"Nevsehir","Nevsehir","United States","EMEA"
1936,"Takestan","Qazvin","United States","EMEA"
1941,"Bistrita","Bistrita-Nasaud","United States","EMEA"
1949,"Kherson","Kherson","United States","EMEA"
1952,"Kirovohrad","Kirovohrad","United States","EMEA"
1954,"Berdyans'k","Zaporizhzhya","United States","EMEA"
1957,"Borazjan","Bushehr","United States","EMEA"
1977,"Samobor","Zagrebacka","United States","EMEA"
1991,"Wadi as Sir","'Amman","United States","EMEA"
1993,"Zahedan","Sistan Va Baluchestan","United States","EMEA"
1998,"Ceyhan","Adana","United States","EMEA"
2001,"Bandar Abbas","Hormozgan","United States","EMEA"
2008,"Satu Mare","Satu Mare","United States","EMEA"
2010,"Tripoli","North Lebanon","United States","EMEA"
2022,"Derbent","Dagestan","United States","EMEA"
2024,"Ramnicu Valcea","Valcea","United States","EMEA"
2026,"Hod HaSharon","Central","United States","EMEA"
2046,"Quchan","Razavi Khorasan","United States","EMEA"
2048,"K'ut'aisi","Imereti","United States","EMEA"
2050,"Myslowice","Silesia","United States","EMEA"
2051,"Rivne","Rivne","United States","EMEA"
2055,"Siedlce","Masovia","United States","EMEA"
2060,"Budënnovsk","Stavropol'","United States","EMEA"
2061,"Burgas","Burgas","United States","EMEA"
2062,"Zlatoust","Chelyabinsk","United States","EMEA"
2076,"Warsaw","Masovia","United States","EMEA"
2079,"Plzen","Plzen","United States","EMEA"
2080,"Mazyr","Homyel'","United States","EMEA"
2086,"Bursa","Bursa","United States","EMEA"
2095,"Botosani","Botosani","United States","EMEA"
2097,"Bornova","Izmir","United States","EMEA"
2137,"Diyarbakir","Diyarbakir","United States","EMEA"
2140,"Targu Mures","Mures","United States","EMEA"
2158,"Vratsa","Vratsa","United States","EMEA"
2180,"Namangan","Namangan","United States","EMEA"
2191,"Holon","Tel Aviv","United States","EMEA"
2198,"Kartal","Istanbul","United States","EMEA"
2203,"Abha","'Asir","United States","EMEA"
2207,"Orsha","Vitsyebsk","United States","EMEA"
2208,"Ibb","Ibb","United States","EMEA"
2217,"Roman","Neamt","United States","EMEA"
2219,"Chernihiv","Chernihiv","United States","EMEA"
2228,"Cherkasy","Cherkasy","United States","EMEA"
2229,"Bolu","Bolu","United States","EMEA"
2264,"Angarsk","Irkutsk","United States","EMEA"
2271,"Horlivka","Donetsk","United States","EMEA"
2276,"Plovdiv","Plovdiv","United States","EMEA"
2288,"Radom","Masovia","United States","EMEA"
2289,"Esenyurt","Istanbul","United States","EMEA"
2303,"Polatli","Ankara","United States","EMEA"
2305,"Ashgabat","Ashgabat","United States","EMEA"
2308,"Najafabad","Esfahan","United States","EMEA"
2315,"Turgutlu","Manisa","United States","EMEA"
2319,"Iasi","Iasi","United States","EMEA"
2327,"Irbid","Irbid","United States","EMEA"
2330,"Arak","Markazi","United States","EMEA"
2337,"Dniprodzerzhyns'k","Dnipropetrovs'k","United States","EMEA"
2340,"Osh","Osh","United States","EMEA"
2347,"Karliova","Bingol","United States","EMEA"
2351,"Kirsehir","Kirsehir","United States","EMEA"
2352,"Bandar-e Anzali","Gilan","United States","EMEA"
2354,"Balikesir","Balikesir","United States","EMEA"
2359,"Amol","Mazandaran","United States","EMEA"
2361,"Zabol","Sistan Va Baluchestan","United States","EMEA"
2374,"Malatya","Malatya","United States","EMEA"
2376,"Al Hufuf","Ash Sharqiyah","United States","EMEA"
2393,"Zabrze","Silesia","United States","EMEA"
2398,"Saveh","Markazi","United States","EMEA"
2399,"Cankaya","Ankara","United States","EMEA"
2416,"Iskenderun","Hatay","United States","EMEA"
2417,"Canakkale","Canakkale","United States","EMEA"
2419,"Kozan","Adana","United States","EMEA"
2421,"Vlore","Vlorë","United States","EMEA"
2429,"Kokshetau","Aqmola","United States","EMEA"
2436,"Gaziemir","Izmir","United States","EMEA"
2443,"Pila","Greater Poland","United States","EMEA"
2445,"Antalya","Antalya","United States","EMEA"
2450,"Chorzow","Silesia","United States","EMEA"
2454,"Buca","Izmir","United States","EMEA"
2456,"Van","Van","United States","EMEA"
2465,"Sevastopol","Sevastopol'","United States","EMEA"
2477,"Qarshi","Qashqadaryo","United States","EMEA"
2478,"Ternopil'","Ternopil'","United States","EMEA"
2486,"Bratsk","Irkutsk","United States","EMEA"
2493,"Yambol","Yambol","United States","EMEA"
2495,"Oktyabr'skiy","Bashkortostan","United States","EMEA"
2513,"Sabzevar","Razavi Khorasan","United States","EMEA"
2517,"Drobeta-Turnu Severin","Mehedinti","United States","EMEA"
2525,"Corlu","Tekirdag","United States","EMEA"
2526,"Baia Mare","Maramures","United States","EMEA"
2536,"Innsbruck","Tyrol","United States","EMEA"
2559,"Czestochowa","Silesia","United States","EMEA"
2567,"Qostanay","Qostanay","United States","EMEA"
2570,"Shahreza","Esfahan","United States","EMEA"
2580,"Nikopol'","Dnipropetrovs'k","United States","EMEA"
2582,"Hadera","Haifa","United States","EMEA"
2586,"Tel Aviv","Tel Aviv","United States","EMEA"
2595,"Piotrkow Trybunalski","Lodz","United States","EMEA"
2612,"Osmaniye","Osmaniye","United States","EMEA"
2618,"Khorramshahr","Khuzestan","United States","EMEA"
2621,"Pavlodar","Pavlodar","United States","EMEA"
2622,"Tartu","Tartumaa","United States","EMEA"
2626,"Qazvin","Qazvin","United States","EMEA"
2627,"Igdir","Igdir","United States","EMEA"
2635,"Zenica","Federation of Bosnia and Herzegovina","United States","EMEA"
2636,"Miass","Chelyabinsk","United States","EMEA"
2637,"Tychy","Silesia","United States","EMEA"
2640,"Drogobych","L'viv","United States","EMEA"
2643,"Balmazujvaros","Hajdu-Bihar","United States","EMEA"
2650,"Nitra","Nitra","United States","EMEA"
2655,"Tarsus","Mersin","United States","EMEA"
2659,"Gubkin","Belgorod","United States","EMEA"
2668,"Kayseri","Kayseri","United States","EMEA"
2669,"Corum","Corum","United States","EMEA"
2670,"Manisa","Manisa","United States","EMEA"
2673,"Antakya","Hatay","United States","EMEA"
2684,"Mezitli","Mersin","United States","EMEA"
2691,"Uvarovo","Tambov","United States","EMEA"
2701,"Luhans'k","Luhans'k","United States","EMEA"
2715,"Pinsk","Brest","United States","EMEA"
2740,"Almaty","Almaty City","United States","EMEA"
2745,"Balti","Balti","United States","EMEA"
2771,"Kahramanmaras","Kahramanmaras","United States","EMEA"
2783,"Kremenchuk","Poltava","United States","EMEA"
2802,"Gliwice","Silesia","United States","EMEA"
2807,"Mersin","Mersin","United States","EMEA"
2817,"Astana","Astana","United States","EMEA"
2818,"Mariupol'","Donetsk","United States","EMEA"
2820,"Zaporizhzhya","Zaporizhzhya","United States","EMEA"
2841,"Dzhezkazgan","Qaraghandy","United States","EMEA"
2845,"Sosnowiec","Silesia","United States","EMEA"
2851,"Konya","Konya","United States","EMEA"
2882,"Ostrava","Moravian-Silesian","United States","EMEA"
2890,"Ramat Gan","Tel Aviv","United States","EMEA"
2893,"Bialystok","Podlaskie","United States","EMEA"
2899,"Kashira","Moscow","United States","EMEA"
2900,"Adiyaman","Adiyaman","United States","EMEA"
2901,"Giurgiu","Giurgiu","United States","EMEA"
2903,"Kulob","Khatlon","United States","EMEA"
2909,"Sanliurfa","Sanliurfa","United States","EMEA"
2911,"Pestovo","Novgorod","United States","EMEA"
2920,"Javanrud","Kermanshah","United States","EMEA"
2922,"Belgorod","Belgorod","United States","EMEA"
2930,"Sliven","Sliven","United States","EMEA"
2936,"Turkmenabat","Lebap","United States","EMEA"
2947,"Yazd","Yazd","United States","EMEA"
2959,"Braila","Braila","United States","EMEA"
2984,"Temirtau","Qaraghandy","United States","EMEA"
2985,"Linz","Upper Austria","United States","EMEA"
2989,"Kars","Kars","United States","EMEA"
2990,"Eskisehir","Eskisehir","United States","EMEA"
2994,"Jizzakh","Jizzakh","United States","EMEA"
2995,"Zielona Gora","Lubusz","United States","EMEA"
2999,"Bielsko-Biala","Silesia","United States","EMEA"
3000,"Qaraghandy","Qaraghandy","United States","EMEA"
3008,"Stara Zagora","Stara Zagora","United States","EMEA"
3009,"Rijeka","Primorsko-Goranska","United States","EMEA"
3014,"Tokat","Tokat","United States","EMEA"
3017,"Etimesgut","Ankara","United States","EMEA"
3029,"Urganch","Khorezm","United States","EMEA"
3031,"Sivas","Sivas","United States","EMEA"
3037,"An Nasiriyah","Dhi Qar","United States","EMEA"
3044,"Sarkand","Almaty","United States","EMEA"
3057,"Lida","Hrodna","United States","EMEA"
3073,"Banska Bystrica","Banská Bystrica","United States","EMEA"
3080,"Trabzon","Trabzon","United States","EMEA"
3097,"Pazardzhik","Pazardzhik","United States","EMEA"
3114,"Baqubah","Diyala","United States","EMEA"
3119,"Jaworzno","Silesia","United States","EMEA"
3124,"Birobidzhan","Yevrey","United States","EMEA"
3128,"Samsun","Samsun","United States","EMEA"
3130,"Usol'ye-Sibirskoye","Irkutsk","United States","EMEA"
3131,"Arad","Arad","United States","EMEA"
3135,"Shushtar","Khuzestan","United States","EMEA"
3147,"Maltepe","Istanbul","United States","EMEA"
3172,"Erzurum","Erzurum","United States","EMEA"
3176,"Olomouc","Olomouc","United States","EMEA"
3178,"Yanbu al Bahr","Al Madinah","United States","EMEA"
3194,"Soma","Manisa","United States","EMEA"
3199,"Ilam","Ilam","United States","EMEA"
3204,"Torbat-e Heydariyeh","Razavi Khorasan","United States","EMEA"
3205,"Stakhanov","Luhans'k","United States","EMEA"
3206,"Polatsk","Vitsyebsk","United States","EMEA"
3209,"Kumanovo","Kumanovo","United States","EMEA"
3210,"Kiziltepe","Mardin","United States","EMEA"
3215,"Siauliai","Šiauliai","United States","EMEA"
3218,"Craiova","Dolj","United States","EMEA"
3224,"Alanya","Antalya","United States","EMEA"
3230,"Graz","Styria","United States","EMEA"
3234,"Ordu","Ordu","United States","EMEA"
3235,"Mary","Mary","United States","EMEA"
3236,"Salzburg","Salzburg","United States","EMEA"
3245,"Kalisz","Greater Poland","United States","EMEA"
3247,"Ivano-Frankivs'k","Ivano-Frankivsk","United States","EMEA"
3253,"Isparta","Isparta","United States","EMEA"
3266,"Ekibastuz","Pavlodar","United States","EMEA"
3274,"Zilina","Žilina","United States","EMEA"
3275,"Kocaeli","Kocaeli","United States","EMEA"
3279,"Babol","Mazandaran","United States","EMEA"
3298,"Pitesti","Arges","United States","EMEA"
3303,"Ajman","'Ajman","United States","EMEA"
3304,"Umraniye","Istanbul","United States","EMEA"
3313,"Toguchin","Novosibirsk","United States","EMEA"
3321,"Berdychiv","Zhytomyr","United States","EMEA"
3331,"Menemen","Izmir","United States","EMEA"
3332,"Focsani","Vrancea","United States","EMEA"
3333,"Tekirdag","Tekirdag","United States","EMEA"
3344,"Be'er Sheva","Southern","United States","EMEA"
3351,"Aksaray","Aksaray","United States","EMEA"
3352,"Amasya","Amasya","United States","EMEA"
3359,"Lisichansk","Luhans'k","United States","EMEA"
3360,"Silopi","Sirnak","United States","EMEA"
3362,"Siirt","Siirt","United States","EMEA"
3366,"Andijon","Andijan","United States","EMEA"
3377,"Vanadzor","Lori","United States","EMEA"
3392,"Inegol","Bursa","United States","EMEA"
3399,"Tuzla","Federation of Bosnia and Herzegovina","United States","EMEA"
3401,"Split","Splitsko-Dalmatinska","United States","EMEA"
3403,"Nal'chik","Kabardino-Balkariya","United States","EMEA"
3418,"Uman'","Cherkasy","United States","EMEA"
3433,"Liberec","Liberec","United States","EMEA"
3441,"Chalus","Mazandaran","United States","EMEA"
3442,"Plock","Masovia","United States","EMEA"
3443,"Usti nad Labem","Usti nad Labem","United States","EMEA"
3444,"Deva","Hunedoara","United States","EMEA"
3457,"Klaipeda","Klaipeda","United States","EMEA"
3463,"Bafra","Samsun","United States","EMEA"
3464,"Salihli","Manisa","United States","EMEA"
3472,"Leoben","Styria","United States","EMEA"
3493,"Iranshahr","Sistan Va Baluchestan","United States","EMEA"
3497,"Blagoveshchensk","Bashkortostan","United States","EMEA"
3502,"Ardahan","Ardahan","United States","EMEA"
3507,"Aligudarz","Lorestan","United States","EMEA"
3513,"Ar Raqqah","Ar Raqqah","United States","EMEA"
3516,"Yalova","Yalova","United States","EMEA"
3517,"Pleven","Pleven","United States","EMEA"
3518,"Akhisar","Manisa","United States","EMEA"
3519,"Suceava","Suceava","United States","EMEA"
3537,"Khasavyurt","Dagestan","United States","EMEA"
3573,"Elazig","Elazig","United States","EMEA"
3574,"Birjand","South Khorasan","United States","EMEA"
3581,"Viransehir","Sanliurfa","United States","EMEA"
3584,"Varamin","Tehran","United States","EMEA"
3587,"Nysa","Opole","United States","EMEA"
3591,"Cubuk","Ankara","United States","EMEA"
3614,"Afyon","Afyonkarahisar","United States","EMEA"
3617,"Al Hudaydah","Al Hudaydah","United States","EMEA"
3618,"Krasnyy Luch","Luhans'k","United States","EMEA"
3619,"Kalush","Ivano-Frankivsk","United States","EMEA"
3631,"Kastamonu","Kastamonu","United States","EMEA"
3632,"Kilis","Kilis","United States","EMEA"
3633,"Neyshabur","Razavi Khorasan","United States","EMEA"
3635,"Resita","Caras-Severin","United States","EMEA"
3640,"Gorzow Wielkopolski","Lubusz","United States","EMEA"
3643,"Usak","Usak","United States","EMEA"
3649,"Taldyqorghan","Almaty","United States","EMEA"
3653,"Korce","Korçë","United States","EMEA"
3682,"Semnan","Semnan","United States","EMEA"
3684,"Osijek","Osjecko-Baranjska","United States","EMEA"
3692,"Taraz","Zhambyl","United States","EMEA"
3701,"Rehovot","Central","United States","EMEA"
3706,"Cizre","Sirnak","United States","EMEA"
3707,"Aydin","Aydin","United States","EMEA"
3711,"Gonabad","Razavi Khorasan","United States","EMEA"
3717,"Bitola","Bitola","United States","EMEA"
3719,"Edirne","Edirne","United States","EMEA"
3722,"Pernik","Pernik","United States","EMEA"
3726,"Jastrzebie Zdroj","Silesia","United States","EMEA"
3736,"Midyat","Mardin","United States","EMEA"
3740,"Obninsk","Kaluga","United States","EMEA"
3744,"Zhlobin","Homyel'","United States","EMEA"
3770,"Felahiye","Kayseri","United States","EMEA"
15,"Mudanjiang","Heilongjiang","United States","North Asia"
21,"Suzhou","Anhui","United States","North Asia"
25,"Taipei","Taipei City","United States","North Asia"
41,"Shouguang","Shandong","United States","North Asia"
54,"Wuxi","Jiangsu","United States","North Asia"
60,"Jinan","Shandong","United States","North Asia"
67,"Nanchong","Sichuan","United States","North Asia"
97,"Gaoyou","Jiangsu","United States","North Asia"
100,"Zigong","Sichuan","United States","North Asia"
109,"Sanya","Hainan","United States","North Asia"
114,"Wuhan","Hubei","United States","North Asia"
121,"Anshan","Liaoning","United States","North Asia"
128,"Changchun","Jilin","United States","North Asia"
136,"Beijing","Beijing","United States","North Asia"
153,"Shenzhen","Guangdong","United States","North Asia"
160,"Qingdao","Shandong","United States","North Asia"
164,"Fuji","Shizuoka","United States","North Asia"
170,"Xiangtan","Hunan","United States","North Asia"
171,"Shaoxing","Zhejiang","United States","North Asia"
187,"Luoyang","Henan","United States","North Asia"
192,"Wuhai","Inner Mongolia","United States","North Asia"
199,"Hirakata","Osaka","United States","North Asia"
217,"Cangzhou","Hebei","United States","North Asia"
218,"Shanghai","Shanghai","United States","North Asia"
230,"Chongqing","Chongqing","United States","North Asia"
239,"Himeji","Hyogo","United States","North Asia"
264,"Harbin","Heilongjiang","United States","North Asia"
274,"Mianyang","Sichuan","United States","North Asia"
284,"Xiamen","Fujian","United States","North Asia"
286,"Jieyang","Guangdong","United States","North Asia"
287,"Hamamatsu","Shizuoka","United States","North Asia"
288,"Ningbo","Zhejiang","United States","North Asia"
317,"Suzhou","Gansu","United States","North Asia"
324,"Shimonoseki","Yamaguchi","United States","North Asia"
327,"Shenyang","Liaoning","United States","North Asia"
350,"Wafangdian","Liaoning","United States","North Asia"
367,"Huaibei","Anhui","United States","North Asia"
371,"Kunming","Yunnan","United States","North Asia"
380,"Ube","Yamaguchi","United States","North Asia"
387,"Jixi","Heilongjiang","United States","North Asia"
400,"Fengcheng","Liaoning","United States","North Asia"
402,"Tianjin","Tianjin","United States","North Asia"
407,"Lanzhou","Gansu","United States","North Asia"
412,"Matsubara","Oita","United States","North Asia"
421,"Shashi","Hubei","United States","North Asia"
422,"Chaoyang","Jilin","United States","North Asia"
426,"Baotou","Inner Mongolia","United States","North Asia"
431,"Jining","Shandong","United States","North Asia"
432,"Zhenjiang","Jiangsu","United States","North Asia"
434,"Jining","Inner Mongolia","United States","North Asia"
442,"Macheng","Hubei","United States","North Asia"
448,"Jiangmen","Guangdong","United States","North Asia"
466,"Guilin","Guangxi","United States","North Asia"
467,"Gaomi","Shandong","United States","North Asia"
477,"Seoul","Seoul","United States","North Asia"
508,"Luoyang","Fujian","United States","North Asia"
532,"Guangzhou","Guangdong","United States","North Asia"
540,"Shuangcheng","Heilongjiang","United States","North Asia"
545,"Xinyi","Guangdong","United States","North Asia"
552,"Noda","Chiba","United States","North Asia"
579,"Sakai","Gunma","United States","North Asia"
584,"Takasaki","Gunma","United States","North Asia"
591,"Anqing","Anhui","United States","North Asia"
602,"Luoyang","Guangdong","United States","North Asia"
608,"Liaoyang","Liaoning","United States","North Asia"
614,"Goyang","Gyeonggi","United States","North Asia"
620,"Zhanjiang","Guangdong","United States","North Asia"
622,"Yueyang","Hunan","United States","North Asia"
625,"Matsudo","Chiba","United States","North Asia"
633,"Koshigaya","Saitama","United States","North Asia"
636,"Hefei","Anhui","United States","North Asia"
647,"Tengzhou","Shandong","United States","North Asia"
662,"Daqing","Heilongjiang","United States","North Asia"
667,"Jiangdu","Jiangsu","United States","North Asia"
680,"Tangshan","Hebei","United States","North Asia"
695,"Kawagoe","Saitama","United States","North Asia"
696,"Yangzhou","Jiangsu","United States","North Asia"
708,"Hengyang","Hunan","United States","North Asia"
716,"Kaifeng","Henan","United States","North Asia"
731,"Bengbu","Anhui","United States","North Asia"
743,"Xinshi","Hubei","United States","North Asia"
752,"Xiaogan","Hubei","United States","North Asia"
753,"Yuci","Shanxi","United States","North Asia"
755,"Gongzhuling","Jilin","United States","North Asia"
759,"Shulan","Jilin","United States","North Asia"
763,"Liaocheng","Shandong","United States","North Asia"
765,"Shantou","Guangdong","United States","North Asia"
776,"Xinzhou","Shanxi","United States","North Asia"
785,"Laiyang","Shandong","United States","North Asia"
789,"Ninghai","Shandong","United States","North Asia"
807,"Nagasaki","Nagasaki","United States","North Asia"
814,"Dongguan","Guangdong","United States","North Asia"
825,"Shihezi","Xinjiang Uygur","United States","North Asia"
829,"Kure","Hiroshima","United States","North Asia"
841,"Jiangyan","Jiangsu","United States","North Asia"
846,"Yunyang","Henan","United States","North Asia"
848,"Changshu","Jiangsu","United States","North Asia"
850,"Changzhou","Jiangsu","United States","North Asia"
857,"Xuzhou","Jiangsu","United States","North Asia"
858,"Ninghai","Zhejiang","United States","North Asia"
875,"Suining","Sichuan","United States","North Asia"
890,"Yibin","Sichuan","United States","North Asia"
895,"Mentougou","Beijing","United States","North Asia"
909,"Datong","Shanxi","United States","North Asia"
920,"Nanning","Guangxi","United States","North Asia"
922,"Xining","Qinghai","United States","North Asia"
924,"Guiyang","Guizhou","United States","North Asia"
927,"Tokyo","Tokyo","United States","North Asia"
940,"Meizhou","Guangdong","United States","North Asia"
961,"Suzhou","Jiangsu","United States","North Asia"
965,"Busan","Busan","United States","North Asia"
973,"Ezhou","Hubei","United States","North Asia"
978,"Jiaozuo","Henan","United States","North Asia"
1017,"Kawaguchi","Chiba","United States","North Asia"
1019,"Zunyi","Guizhou","United States","North Asia"
1020,"Wuchang","Heilongjiang","United States","North Asia"
1023,"Fukuyama","Hiroshima","United States","North Asia"
1040,"Yulin","Shaanxi","United States","North Asia"
1045,"Guangshui","Hubei","United States","North Asia"
1059,"Jinjiang","Fujian","United States","North Asia"
1060,"Zhaoqing","Guangdong","United States","North Asia"
1067,"Luohe","Henan","United States","North Asia"
1077,"Qitaihe","Heilongjiang","United States","North Asia"
1081,"Jinhua","Zhejiang","United States","North Asia"
1107,"Jilin","Jilin","United States","North Asia"
1115,"Anyang","Gyeonggi","United States","North Asia"
1118,"Kita-ku","Osaka","United States","North Asia"
1139,"Bijie","Guizhou","United States","North Asia"
1165,"Changwon","Gyeongsangnam","United States","North Asia"
1168,"Leshan","Sichuan","United States","North Asia"
1199,"Aoba-ku","Kanagawa","United States","North Asia"
1211,"Dalian","Liaoning","United States","North Asia"
1216,"Tongchuan","Shaanxi","United States","North Asia"
1247,"Taiyuan","Shanxi","United States","North Asia"
1254,"Anshun","Guizhou","United States","North Asia"
1261,"Hiratsuka","Kanagawa","United States","North Asia"
1262,"Huangshi","Hubei","United States","North Asia"
1263,"Xinghua","Jiangsu","United States","North Asia"
1270,"Daejeon","Daejeon","United States","North Asia"
1272,"Zhengzhou","Henan","United States","North Asia"
1275,"Heze","Shandong","United States","North Asia"
1294,"Kawasaki","Fukuoka","United States","North Asia"
1297,"Kaiyuan","Liaoning","United States","North Asia"
1302,"Huainan","Anhui","United States","North Asia"
1322,"Zhongxiang","Hubei","United States","North Asia"
1326,"Chengdu","Sichuan","United States","North Asia"
1333,"Fushun","Liaoning","United States","North Asia"
1340,"Jiutai","Jilin","United States","North Asia"
1342,"Suihua","Heilongjiang","United States","North Asia"
1353,"Aksu","Xinjiang Uygur","United States","North Asia"
1365,"Licheng","Guangdong","United States","North Asia"
1367,"Huaiyin","Jiangsu","United States","North Asia"
1379,"Takamatsu","Kagawa","United States","North Asia"
1389,"Shanwei","Guangdong","United States","North Asia"
1412,"Linhai","Zhejiang","United States","North Asia"
1436,"Saga","Saga","United States","North Asia"
1439,"Donghai","Guangdong","United States","North Asia"
1514,"Kawasaki","Kanagawa","United States","North Asia"
1520,"Jieshou","Anhui","United States","North Asia"
1571,"Weifang","Shandong","United States","North Asia"
1576,"Kowloon","Hong Kong","United States","North Asia"
1578,"Yantai","Shandong","United States","North Asia"
1585,"Jiangyou","Sichuan","United States","North Asia"
1588,"Xi'an","Shaanxi","United States","North Asia"
1621,"Haikou","Hainan","United States","North Asia"
1625,"Hangzhou","Zhejiang","United States","North Asia"
1628,"Nishinomiya","Hyogo","United States","North Asia"
1631,"Huizhou","Guangdong","United States","North Asia"
1636,"Licheng","Jiangsu","United States","North Asia"
1640,"Tieling","Liaoning","United States","North Asia"
1645,"Xuanhua","Hebei","United States","North Asia"
1648,"Xianyang","Shaanxi","United States","North Asia"
1652,"Yokkaichi","Mie","United States","North Asia"
1661,"Yicheng","Hubei","United States","North Asia"
1670,"Xintai","Shandong","United States","North Asia"
1672,"Wuchuan","Guangdong","United States","North Asia"
1678,"Yichun","Heilongjiang","United States","North Asia"
1680,"Chaozhou","Guangdong","United States","North Asia"
1681,"Chaoyang","Liaoning","United States","North Asia"
1687,"Sanming","Fujian","United States","North Asia"
1713,"Nanchang","Jiangxi","United States","North Asia"
1717,"Zhuhai","Guangdong","United States","North Asia"
1725,"Handan","Hebei","United States","North Asia"
1744,"Tongling","Anhui","United States","North Asia"
1758,"Takamatsu","Ishikawa","United States","North Asia"
1766,"Shangyu","Zhejiang","United States","North Asia"
1770,"Nantong","Jiangsu","United States","North Asia"
1776,"Hangu","Tianjin","United States","North Asia"
1779,"Wuxi","Hunan","United States","North Asia"
1813,"Jingmen","Hubei","United States","North Asia"
1865,"Xinxiang","Henan","United States","North Asia"
1882,"Neijiang","Sichuan","United States","North Asia"
1906,"Sakai","Ibaraki","United States","North Asia"
1920,"Wenzhou","Zhejiang","United States","North Asia"
1928,"Pingdingshan","Henan","United States","North Asia"
1948,"Linyi","Shandong","United States","North Asia"
1980,"Changsha","Hunan","United States","North Asia"
1983,"Yongchuan","Chongqing","United States","North Asia"
1994,"Heyuan","Guangdong","United States","North Asia"
1996,"Pingnan","Guangxi","United States","North Asia"
2000,"Xingtai","Hebei","United States","North Asia"
2021,"Huangshan","Anhui","United States","North Asia"
2032,"Zhuzhou","Hunan","United States","North Asia"
2036,"Nanyang","Henan","United States","North Asia"
2041,"Fuzhou","Fujian","United States","North Asia"
2044,"Zhoukou","Henan","United States","North Asia"
2053,"Chenzhou","Hunan","United States","North Asia"
2056,"Shuangyashan","Heilongjiang","United States","North Asia"
2058,"Aewŏl-li","Jeju","United States","North Asia"
2082,"Tongliao","Inner Mongolia","United States","North Asia"
2088,"Daegu","Daegu","United States","North Asia"
2092,"Laohekou","Hubei","United States","North Asia"
2129,"Qiqihar","Heilongjiang","United States","North Asia"
2166,"Yingcheng","Hubei","United States","North Asia"
2213,"Hailin","Heilongjiang","United States","North Asia"
2238,"Guiping","Guangxi","United States","North Asia"
2239,"Shijiazhuang","Hebei","United States","North Asia"
2242,"Yokkaichi","Oita","United States","North Asia"
2246,"Huadian","Jilin","United States","North Asia"
2249,"Bucheon","Gyeonggi","United States","North Asia"
2262,"Takatsuki","Osaka","United States","North Asia"
2279,"Huzhou","Zhejiang","United States","North Asia"
2287,"Hechuan","Chongqing","United States","North Asia"
2324,"Puyang","Henan","United States","North Asia"
2329,"Zhumadian","Henan","United States","North Asia"
2344,"Kasugai","Aichi","United States","North Asia"
2390,"Sagamihara","Kanagawa","United States","North Asia"
2391,"Xichang","Sichuan","United States","North Asia"
2396,"Kaiyuan","Yunnan","United States","North Asia"
2427,"Edogawa-ku","Tokyo","United States","North Asia"
2431,"Yancheng","Jiangsu","United States","North Asia"
2453,"Suwon","Gyeonggi","United States","North Asia"
2461,"Siping","Jilin","United States","North Asia"
2472,"Ibaraki","Osaka","United States","North Asia"
2475,"Yao","Osaka","United States","North Asia"
2489,"Rizhao","Shandong","United States","North Asia"
2494,"Shangzhi","Heilongjiang","United States","North Asia"
2529,"Nagaoka","Shizuoka","United States","North Asia"
2532,"Zhaoyuan","Heilongjiang","United States","North Asia"
2540,"Funabashi","Chiba","United States","North Asia"
2545,"Korla","Xinjiang Uygur","United States","North Asia"
2562,"Wuzhou","Guangxi","United States","North Asia"
2596,"Jiaxing","Zhejiang","United States","North Asia"
2597,"Zhangjiakou","Hebei","United States","North Asia"
2605,"Changde","Hunan","United States","North Asia"
2615,"Xianning","Hubei","United States","North Asia"
2681,"Lanxi","Zhejiang","United States","North Asia"
2683,"Lianzhou","Guangdong","United States","North Asia"
2705,"Sakai","Osaka","United States","North Asia"
2712,"Chengjiang","Jiangsu","United States","North Asia"
2722,"Handa","Aichi","United States","North Asia"
2730,"Fukui","Fukui","United States","North Asia"
2733,"Qidong","Jiangsu","United States","North Asia"
2737,"Yichun","Jiangxi","United States","North Asia"
2746,"Ulsan","Ulsan","United States","North Asia"
2748,"Kawaguchi","Saitama","United States","North Asia"
2768,"Jincheng","Shanxi","United States","North Asia"
2792,"Jiamusi","Heilongjiang","United States","North Asia"
2795,"Katsushika-ku","Tokyo","United States","North Asia"
2810,"Datong","Anhui","United States","North Asia"
2815,"Toyohashi","Aichi","United States","North Asia"
2836,"Pingxiang","Jiangxi","United States","North Asia"
2843,"Yanji","Jilin","United States","North Asia"
2881,"Yushu","Jilin","United States","North Asia"
2891,"Wendeng","Shandong","United States","North Asia"
2940,"Yiwu","Zhejiang","United States","North Asia"
2957,"Lianzhou","Guangxi","United States","North Asia"
2958,"Xinzhou","Hubei","United States","North Asia"
2960,"Lianyuan","Hunan","United States","North Asia"
2987,"Hohhot","Inner Mongolia","United States","North Asia"
2991,"Oyama","Tochigi","United States","North Asia"
2993,"Xiangfan","Hubei","United States","North Asia"
3018,"Tanggu","Tianjin","United States","North Asia"
3028,"Wenling","Zhejiang","United States","North Asia"
3039,"Kurashiki","Okayama","United States","North Asia"
3049,"Taizhou","Jiangsu","United States","North Asia"
3055,"Tsukuba","Ibaraki","United States","North Asia"
3066,"Beipiao","Liaoning","United States","North Asia"
3082,"Loudi","Hunan","United States","North Asia"
3090,"Yangjiang","Guangdong","United States","North Asia"
3098,"Asahikawa","Hokkaido","United States","North Asia"
3104,"Deyang","Sichuan","United States","North Asia"
3110,"Ichikawa","Chiba","United States","North Asia"
3129,"Foshan","Guangdong","United States","North Asia"
3139,"Tongzhou","Beijing","United States","North Asia"
3148,"Changzhi","Shanxi","United States","North Asia"
3151,"Zaoyang","Hubei","United States","North Asia"
3154,"Jingdezhen","Jiangxi","United States","North Asia"
3158,"Chifeng","Inner Mongolia","United States","North Asia"
3170,"Zhangzhou","Fujian","United States","North Asia"
3187,"Liuyang","Hunan","United States","North Asia"
3208,"Shizuishan","Ningxia","United States","North Asia"
3217,"Kwangju","Gyeonggi","United States","North Asia"
3241,"Shangqiu","Henan","United States","North Asia"
3269,"Anyang","Henan","United States","North Asia"
3277,"Huaihua","Hunan","United States","North Asia"
3289,"Yuanjiang","Hunan","United States","North Asia"
3294,"Atsugacho","Hokkaido","United States","North Asia"
3300,"Tongchuan","Sichuan","United States","North Asia"
3305,"Hachinohe","Aomori","United States","North Asia"
3319,"Baoding","Hebei","United States","North Asia"
3323,"Penglai","Shandong","United States","North Asia"
3327,"Chaohu","Anhui","United States","North Asia"
3330,"Amagasaki","Hyogo","United States","North Asia"
3353,"Taixing","Jiangsu","United States","North Asia"
3386,"Yiyang","Hunan","United States","North Asia"
3400,"Quanzhou","Fujian","United States","North Asia"
3426,"Weihai","Shandong","United States","North Asia"
3453,"Chuncheon","Gangwon","United States","North Asia"
3459,"Jiaohe","Jilin","United States","North Asia"
3480,"Yuyao","Zhejiang","United States","North Asia"
3483,"Benxi","Liaoning","United States","North Asia"
3512,"Cheonan","South Chungcheong","United States","North Asia"
3525,"Yuncheng","Shanxi","United States","North Asia"
3534,"Langfang","Hebei","United States","North Asia"
3536,"Anjo","Aichi","United States","North Asia"
3550,"Liaoyuan","Jilin","United States","North Asia"
3562,"Ulan Bator","Ulaanbaatar","United States","North Asia"
3576,"Binzhou","Shandong","United States","North Asia"
3603,"Yangquan","Shanxi","United States","North Asia"
3604,"Suizhou","Hubei","United States","North Asia"
3610,"Ueda","Nagano","United States","North Asia"
3615,"Chigasaki","Kanagawa","United States","North Asia"
3620,"Kita-ku","Hyogo","United States","North Asia"
3639,"Hebi","Henan","United States","North Asia"
3651,"Zaozhuang","Shandong","United States","North Asia"
3662,"Fujisawa","Kanagawa","United States","North Asia"
3672,"Xiantao","Hubei","United States","North Asia"
3678,"Renqiu","Hebei","United States","North Asia"
3681,"Tottori","Tottori","United States","North Asia"
3725,"Matsumoto","Nagano","United States","North Asia"
3731,"Binzhou","Heilongjiang","United States","North Asia"
5,"Dakar","Dakar","United States","Africa"
18,"Uvinza","Kigoma","United States","Africa"
33,"Kamina","Katanga","United States","Africa"
46,"Maputo","Cidade De Maputo","United States","Africa"
62,"Kananga","Kasai-Occidental","United States","Africa"
70,"Meknes","Meknès-Tafilalet","United States","Africa"
75,"Casablanca","Grand Casablanca","United States","Africa"
86,"Kinshasa","Kinshasa","United States","Africa"
118,"Hargeysa","Woqooyi Galbeed","United States","Africa"
156,"Johannesburg","Gauteng","United States","Africa"
175,"Cape Town","Western Cape","United States","Africa"
176,"Cairo","Al Qahirah","United States","Africa"
183,"Girga","Suhaj","United States","Africa"
185,"Maseru","Maseru","United States","Africa"
213,"Yaounde","Centre","United States","Africa"
223,"Port Elizabeth","Eastern Cape","United States","Africa"
237,"Benguela","Benguela","United States","Africa"
253,"Kalemie","Katanga","United States","Africa"
265,"Kumasi","Ashanti","United States","Africa"
285,"Kitwe","Copperbelt","United States","Africa"
292,"Lubumbashi","Katanga","United States","Africa"
311,"Monrovia","Montserrado","United States","Africa"
329,"Koumra","Mandoul","United States","Africa"
337,"Windhoek","Khomas","United States","Africa"
352,"Antananarivo","Analamanga","United States","Africa"
388,"Potchefstroom","North-West","United States","Africa"
439,"Dar es Salaam","Dar Es Salaam","United States","Africa"
443,"Beni Mellal","Tadla-Azilal","United States","Africa"
447,"Loubomo","Niari","United States","Africa"
457,"Algiers","Alger","United States","Africa"
464,"Alexandria","Al Iskandariyah","United States","Africa"
468,"Pretoria","Gauteng","United States","Africa"
475,"Matola","Maputo","United States","Africa"
483,"Makurdi","Benue","United States","Africa"
490,"Gagnoa","Fromager","United States","Africa"
506,"Mbuji-mayi","Kasai-Oriental","United States","Africa"
513,"Daloa","Haut-Sassandra","United States","Africa"
541,"Bangui","Bangui","United States","Africa"
553,"Porto-Novo","Ouémé","United States","Africa"
574,"Tangier","Tanger-Tétouan","United States","Africa"
659,"Sale","Rabat-Salé-Zemmour-Zaer","United States","Africa"
665,"Accra","Greater Accra","United States","Africa"
675,"Nairobi","Nairobi","United States","Africa"
683,"Sikasso","Sikasso","United States","Africa"
699,"Misratah","Misratah","United States","Africa"
740,"Marrakech","Marrakech-Tensift-El Haouz","United States","Africa"
788,"Lagos","Lagos","United States","Africa"
805,"Annaba","Annaba","United States","Africa"
822,"Chililabombwe","Copperbelt","United States","Africa"
865,"Kano","Kano","United States","Africa"
873,"Fes","Fès-Boulemane","United States","Africa"
883,"Bamako","Bamako","United States","Africa"
891,"Mahajanga","Boeny","United States","Africa"
892,"Saida","Saida","United States","Africa"
896,"Nampula","Nampula","United States","Africa"
911,"Chipata","Eastern","United States","Africa"
918,"Benghazi","Banghazi","United States","Africa"
932,"Roodepoort","Gauteng","United States","Africa"
934,"Rabat","Rabat-Salé-Zemmour-Zaer","United States","Africa"
937,"Lusaka","Lusaka","United States","Africa"
951,"Mwanza","Mwanza","United States","Africa"
956,"Mabopane","Gauteng","United States","Africa"
981,"Al Mahallah al Kubra","Al Gharbiyah","United States","Africa"
988,"Lome","Maritime","United States","Africa"
998,"Hurghada","Al Bahr Al Ahmar","United States","Africa"
1000,"Arusha","Arusha","United States","Africa"
1011,"Nouakchott","Nouakchott","United States","Africa"
1012,"Saint-Louis","Saint-Louis","United States","Africa"
1015,"George","Western Cape","United States","Africa"
1055,"Luanda","Luanda","United States","Africa"
1056,"Mbandaka","Equateur","United States","Africa"
1069,"Nzerekore","Nzérékoré","United States","Africa"
1070,"Zaria","Kaduna","United States","Africa"
1082,"Kaduna","Kaduna","United States","Africa"
1087,"Oran","Oran","United States","Africa"
1088,"Kigali","Kigali","United States","Africa"
1099,"Atakpame","Plateaux","United States","Africa"
1106,"Foumban","Ouest","United States","Africa"
1119,"Likasi","Katanga","United States","Africa"
1127,"Newcastle","Kwazulu-natal","United States","Africa"
1140,"Niamey","Niamey","United States","Africa"
1196,"Bur Sudan","Red Sea","United States","Africa"
1228,"Bouake","Vallee Du Bandama","United States","Africa"
1265,"Khartoum","Khartoum","United States","Africa"
1276,"Quelimane","Zambezia","United States","Africa"
1284,"Kassala","Kassala","United States","Africa"
1300,"Ndola","Copperbelt","United States","Africa"
1308,"Safi","Doukkala-Abda","United States","Africa"
1323,"Mogadishu","Banaadir","United States","Africa"
1328,"Soweto","Gauteng","United States","Africa"
1338,"Mombasa","Coast","United States","Africa"
1341,"Koidu","Eastern","United States","Africa"
1355,"Kindia","Kindia","United States","Africa"
1357,"Tanta","Al Gharbiyah","United States","Africa"
1370,"Abidjan","Lagunes","United States","Africa"
1388,"Kankan","Kankan","United States","Africa"
1405,"Bissau","Bissau","United States","Africa"
1429,"Beira","Sofala","United States","Africa"
1431,"Yamoussoukro","Lacs","United States","Africa"
1435,"Djibouti","Djibouti","United States","Africa"
1446,"Nakuru","Rift Valley","United States","Africa"
1483,"Pietermaritzburg","Kwazulu-natal","United States","Africa"
1491,"Port Harcourt","Rivers","United States","Africa"
1509,"Cotonou","Littoral","United States","Africa"
1527,"Marsabit","Eastern","United States","Africa"
1531,"Mufulira","Copperbelt","United States","Africa"
1542,"Tunis","Tunis","United States","Africa"
1570,"Guelma","Guelma","United States","Africa"
1603,"Aswan","Aswan","United States","Africa"
1626,"Chingola","Copperbelt","United States","Africa"
1632,"Sohag","Suhaj","United States","Africa"
1637,"Thika","Central","United States","Africa"
1644,"Bulawayo","Bulawayo","United States","Africa"
1658,"Iringa","Iringa","United States","Africa"
1659,"Benin City","Edo","United States","Africa"
1668,"Vryburg","North-West","United States","Africa"
1698,"Laghouat","Laghouat","United States","Africa"
1699,"Juba","Central Equatoria","United States","Africa"
1710,"Wad Madani","Gezira","United States","Africa"
1728,"Bauchi","Bauchi","United States","Africa"
1734,"Libreville","Estuaire","United States","Africa"
1786,"Calabar","Cross River","United States","Africa"
1801,"Maradi","Maradi","United States","Africa"
1816,"Lichinga","Niassa","United States","Africa"
1827,"Huambo","Huambo","United States","Africa"
1893,"Durban","Kwazulu-natal","United States","Africa"
1903,"Shinyanga","Shinyanga","United States","Africa"
1912,"Bukavu","South Kivu","United States","Africa"
1965,"Man","Dix-Huit Montagnes","United States","Africa"
1967,"Ebolowa","Sud","United States","Africa"
1968,"Djougou","Donga","United States","Africa"
1969,"Thies Nones","Thies","United States","Africa"
1971,"Batna","Batna","United States","Africa"
1997,"Lubango","Huila","United States","Africa"
2028,"Kisangani","Orientale","United States","Africa"
2040,"Barika","Batna","United States","Africa"
2067,"Garoua","Nord","United States","Africa"
2068,"Kolwezi","Katanga","United States","Africa"
2096,"Beni Suef","Bani Suwayf","United States","Africa"
2100,"Manzini","Manzini","United States","Africa"
2109,"Stellenbosch","Western Cape","United States","Africa"
2116,"Enugu","Enugu","United States","Africa"
2117,"Idfu","Aswan","United States","Africa"
2124,"Mbinga","Ruvuma","United States","Africa"
2126,"Bamenda","Nord-Ouest","United States","Africa"
2185,"Bertoua","Est","United States","Africa"
2188,"Kikwit","Bandundu","United States","Africa"
2189,"Giyani","Limpopo","United States","Africa"
2204,"Tanga","Tanga","United States","Africa"
2206,"Tahta","Suhaj","United States","Africa"
2215,"Agadir","Souss-Massa-Draâ","United States","Africa"
2220,"Livingstone","Southern","United States","Africa"
2223,"Kisumu","Nyanza","United States","Africa"
2224,"Constantine","Constantine","United States","Africa"
2225,"Kindu","Maniema","United States","Africa"
2226,"Damanhur","Al Buhayrah","United States","Africa"
2227,"Minuf","Al Minufiyah","United States","Africa"
2259,"Ad Diwem","White Nile","United States","Africa"
2273,"Tamale","Northern","United States","Africa"
2283,"Ngaoundere","Adamaoua","United States","Africa"
2293,"Moshi","Kilimanjaro","United States","Africa"
2326,"Al Fayyum","Al Fayyum","United States","Africa"
2338,"Korhogo","Savanes","United States","Africa"
2342,"Musoma","Mara","United States","Africa"
2343,"Mbeya","Mbeya","United States","Africa"
2349,"Ibadan","Oyo","United States","Africa"
2365,"Bejaia","Bejaia","United States","Africa"
2395,"Matadi","Bas-Congo","United States","Africa"
2403,"Chitungwiza","Harare","United States","Africa"
2404,"East London","Eastern Cape","United States","Africa"
2406,"Maiduguri","Borno","United States","Africa"
2426,"Uvira","South Kivu","United States","Africa"
2473,"Taza","Taza-Al Hoceima-Taounate","United States","Africa"
2481,"Centurion","Gauteng","United States","Africa"
2499,"Dire Dawa","Dire Dawa","United States","Africa"
2503,"Aba","Abia","United States","Africa"
2507,"Butare","Southern","United States","Africa"
2519,"Bo","Southern","United States","Africa"
2557,"Natitingou","Atakora","United States","Africa"
2563,"Ilorin","Kwara","United States","Africa"
2571,"Settat","Chaouia-Ouardigha","United States","Africa"
2578,"Port Said","Bur Sa'id","United States","Africa"
2600,"Harare","Harare","United States","Africa"
2603,"Boghni","Tizi Ouzou","United States","Africa"
2609,"Kenitra","Gharb-Chrarda-Béni Hssen","United States","Africa"
2624,"Sidi Bel Abbes","Sidi Bel Abbes","United States","Africa"
2625,"Kampala","Kampala","United States","Africa"
2631,"Mallawi","Al Minya","United States","Africa"
2638,"Khenifra","Meknès-Tafilalet","United States","Africa"
2646,"Mohammedia","Grand Casablanca","United States","Africa"
2664,"Messaad","Djelfa","United States","Africa"
2675,"Ikot Ekpene","Akwa Ibom","United States","Africa"
2699,"Zinder","Zinder","United States","Africa"
2709,"Randfontein","Gauteng","United States","Africa"
2714,"Kuito","Bie","United States","Africa"
2720,"Tetouan","Tanger-Tétouan","United States","Africa"
2725,"Khouribga","Chaouia-Ouardigha","United States","Africa"
2739,"Minna","Niger","United States","Africa"
2757,"Nkongsamba","Littoral","United States","Africa"
2762,"Antsiranana","Diana","United States","Africa"
2774,"Bandundu","Bandundu","United States","Africa"
2778,"Warri","Delta","United States","Africa"
2789,"Mtwara","Mtwara","United States","Africa"
2804,"Mostaganem","Mostaganem","United States","Africa"
2825,"Asyut","Asyut","United States","Africa"
2827,"Medea","Medea","United States","Africa"
2838,"Khemisset","Rabat-Salé-Zemmour-Zaer","United States","Africa"
2855,"Springs","Gauteng","United States","Africa"
2862,"Bilbeis","Ash Sharqiyah","United States","Africa"
2880,"Skikda","Skikda","United States","Africa"
2897,"Ain Oussera","Djelfa","United States","Africa"
2918,"Tlemcen","Tlemcen","United States","Africa"
2924,"Westonaria","Gauteng","United States","Africa"
2932,"Sapele","Delta","United States","Africa"
2934,"Baraki","Tipaza","United States","Africa"
2944,"Ziguinchor","Ziguinchor","United States","Africa"
2948,"Qena","Qina","United States","Africa"
2950,"Al Minya","Al Minya","United States","Africa"
2955,"Abu Kabir","Ash Sharqiyah","United States","Africa"
2962,"Kayes","Kayes","United States","Africa"
2983,"Limbe","Sud-Ouest","United States","Africa"
3012,"Bafoussam","Ouest","United States","Africa"
3026,"Damaturu","Yobe","United States","Africa"
3033,"Shagamu","Ogun","United States","Africa"
3043,"Kabwe","Central","United States","Africa"
3046,"Owerri","Imo","United States","Africa"
3048,"Gulu","Gulu","United States","Africa"
3064,"Onitsha","Anambra","United States","Africa"
3076,"Edea","Littoral","United States","Africa"
3091,"Bujumbura","Bujumbura-Mairie","United States","Africa"
3095,"Kismaayo","Jubbada Hoose","United States","Africa"
3100,"Tabora","Tabora","United States","Africa"
3107,"Mopti","Mopti","United States","Africa"
3108,"Fianarantsoa","Haute-Matsiatra","United States","Africa"
3117,"Parakou","Borgou","United States","Africa"
3122,"Rustenburg","North-West","United States","Africa"
3145,"Disuq","Kafr Ash Shaykh","United States","Africa"
3160,"Morogoro","Morogoro","United States","Africa"
3177,"Gusau","Zamfara","United States","Africa"
3182,"Bloemfontein","Free State","United States","Africa"
3185,"Luanshya","Copperbelt","United States","Africa"
3186,"Sokode","Centrale","United States","Africa"
3211,"Al Khums","Al Marqab","United States","Africa"
3251,"Benoni","Gauteng","United States","Africa"
3252,"Kandi","Alibori","United States","Africa"
3254,"Loum","Littoral","United States","Africa"
3255,"Bagamoyo","Pwani","United States","Africa"
3261,"Koforidua","Eastern","United States","Africa"
3283,"Jos","Plateau","United States","Africa"
3284,"Owo","Ondo","United States","Africa"
3288,"Ilesha","Osun","United States","Africa"
3299,"Kumba","Sud-Ouest","United States","Africa"
3309,"Bechar","Bechar","United States","Africa"
3314,"Tembisa","Gauteng","United States","Africa"
3334,"Kadoma","Mashonaland West","United States","Africa"
3341,"Ulundi","Kwazulu-natal","United States","Africa"
3342,"Keren","Anseba","United States","Africa"
3346,"Bata","Litoral","United States","Africa"
3349,"Stanger","Kwazulu-natal","United States","Africa"
3355,"Abuja","Abuja Capital Territory","United States","Africa"
3358,"eMbalenhle","Mpumalanga","United States","Africa"
3363,"Tete","Tete","United States","Africa"
3367,"Ouidah","Atlantique","United States","Africa"
3368,"Mpumalanga","Kwazulu-natal","United States","Africa"
3372,"Namibe","Namibe","United States","Africa"
3379,"Chimoio","Manica","United States","Africa"
3385,"Sidi Qacem","Gharb-Chrarda-Béni Hssen","United States","Africa"
3387,"Kafr ad Dawwar","Al Buhayrah","United States","Africa"
3391,"Makeni","Northern","United States","Africa"
3407,"Ugep","Cross River","United States","Africa"
3408,"Maroua","Extreme-Nord","United States","Africa"
3413,"Samalut","Al Minya","United States","Africa"
3414,"Botshabelo","Free State","United States","Africa"
3419,"Funtua","Katsina","United States","Africa"
3424,"Chalinze","Pwani","United States","Africa"
3431,"Mubi","Adamawa","United States","Africa"
3452,"Jinja","Jinja","United States","Africa"
3454,"Kasama","Northern","United States","Africa"
3456,"Gombe","Gombe","United States","Africa"
3474,"Vereeniging","Gauteng","United States","Africa"
3496,"Berrechid","Chaouia-Ouardigha","United States","Africa"
3501,"Sokoto","Sokoto","United States","Africa"
3508,"Pemba","Cabo Delgado","United States","Africa"
3510,"Guelmim","Guelmim-Es Semara","United States","Africa"
3520,"Abeokuta","Ogun","United States","Africa"
3522,"Toliara","Atsimo-Andrefana","United States","Africa"
3533,"Malanje","Malanje","United States","Africa"
3544,"Epworth","Harare","United States","Africa"
3545,"Igurusi","Mbeya","United States","Africa"
3548,"Toamasina","Atsinanana","United States","Africa"
3553,"Katsina","Katsina","United States","Africa"
3564,"Boksburg","Gauteng","United States","Africa"
3568,"Kara","Kara","United States","Africa"
3577,"Zwedru","Grand Gedeh","United States","Africa"
3579,"Akhmim","Suhaj","United States","Africa"
3585,"Larache","Tanger-Tétouan","United States","Africa"
3607,"Cape Coast","Central","United States","Africa"
3612,"Umtata","Eastern Cape","United States","Africa"
3622,"Nguigmi","Diffa","United States","Africa"
3623,"Akure","Ondo","United States","Africa"
3624,"El Jadida","Doukkala-Abda","United States","Africa"
3655,"Krugersdorp","Gauteng","United States","Africa"
3669,"Maxixe","Inhambane","United States","Africa"
3673,"Marsa Matruh","Matruh","United States","Africa"
3696,"Abakaliki","Ebonyi","United States","Africa"
3708,"Kigoma","Kigoma","United States","Africa"
3713,"Dar Chioukh","Djelfa","United States","Africa"
3723,"Gitarama","Southern","United States","Africa"
3728,"Lokossa","Mono","United States","Africa"
3737,"Mutare","Manicaland","United States","Africa"
3742,"Kafr ash Shaykh","Kafr Ash Shaykh","United States","Africa"
3754,"Al Manaqil","Gezira","United States","Africa"
3758,"Fort Portal","Kabarole","United States","Africa"
3759,"Vanderbijlpark","Gauteng","United States","Africa"
3772,"Victoria Falls","Matabeleland North","United States","Africa"
12,"Kabul","Kabul","United States","Central Asia"
28,"Surat","Gujarat","United States","Central Asia"
37,"Gorakhpur","Haryana","United States","Central Asia"
38,"Thiruvananthapuram","Kerala","United States","Central Asia"
42,"Jamshedpur","Jharkhand","United States","Central Asia"
47,"Bhopal","Madhya Pradesh","United States","Central Asia"
49,"Delhi","Delhi","United States","Central Asia"
52,"Dhaka","Dhaka","United States","Central Asia"
57,"Raipur","Uttarakhand","United States","Central Asia"
68,"Naihati","West Bengal","United States","Central Asia"
76,"Tongi","Dhaka","United States","Central Asia"
108,"Vadodara","Gujarat","United States","Central Asia"
144,"Aurangabad","Bihar","United States","Central Asia"
163,"Bokaro","Jharkhand","United States","Central Asia"
166,"Kozhikode","Kerala","United States","Central Asia"
172,"Jabalpur","Madhya Pradesh","United States","Central Asia"
173,"Patna","Bihar","United States","Central Asia"
184,"Kochi","Kerala","United States","Central Asia"
201,"Agra","Uttar Pradesh","United States","Central Asia"
215,"Dehra Dun","Uttarakhand","United States","Central Asia"
226,"Kota","Chhattisgarh","United States","Central Asia"
232,"Lucknow","Uttar Pradesh","United States","Central Asia"
256,"Lahore","Punjab","United States","Central Asia"
260,"Kanpur","Uttar Pradesh","United States","Central Asia"
266,"Salem","Tamil Nadu","United States","Central Asia"
269,"Chennai","Tamil Nadu","United States","Central Asia"
272,"Kulti","West Bengal","United States","Central Asia"
279,"Muzaffarpur","Bihar","United States","Central Asia"
281,"Thane","Maharashtra","United States","Central Asia"
283,"Bangalore","Karnataka","United States","Central Asia"
289,"Jodhpur","Rajasthan","United States","Central Asia"
295,"Nagpur","Maharashtra","United States","Central Asia"
307,"Bhavnagar","Gujarat","United States","Central Asia"
316,"Jaipur","Rajasthan","United States","Central Asia"
326,"Imphal","Manipur","United States","Central Asia"
348,"Jhansi","Uttar Pradesh","United States","Central Asia"
349,"Amravati","Maharashtra","United States","Central Asia"
356,"Quetta","Baluchistan","United States","Central Asia"
378,"Nasik","Maharashtra","United States","Central Asia"
384,"Visakhapatnam","Andhra Pradesh","United States","Central Asia"
391,"Kollam","Kerala","United States","Central Asia"
445,"Madurai","Tamil Nadu","United States","Central Asia"
471,"Aligarh","Uttar Pradesh","United States","Central Asia"
488,"Vijayawada","Andhra Pradesh","United States","Central Asia"
497,"Mangalore","Karnataka","United States","Central Asia"
507,"Gwalior","Madhya Pradesh","United States","Central Asia"
510,"Srinagar","Jammu and Kashmir","United States","Central Asia"
511,"Allahabad","Uttar Pradesh","United States","Central Asia"
518,"Varanasi","Uttar Pradesh","United States","Central Asia"
524,"Chittagong","Chittagong","United States","Central Asia"
533,"Tiruppur","Tamil Nadu","United States","Central Asia"
547,"Bhilwara","Rajasthan","United States","Central Asia"
577,"Malegaon","Maharashtra","United States","Central Asia"
582,"Hyderabad","Telangana","United States","Central Asia"
585,"Bhilai","Chhattisgarh","United States","Central Asia"
612,"Pune","Maharashtra","United States","Central Asia"
615,"Kalyan","Maharashtra","United States","Central Asia"
616,"Khulna","Khulna","United States","Central Asia"
617,"Avadi","Tamil Nadu","United States","Central Asia"
639,"Thanjavur","Tamil Nadu","United States","Central Asia"
651,"Bhatinda","Punjab","United States","Central Asia"
670,"Mumbai","Maharashtra","United States","Central Asia"
692,"Solapur","Maharashtra","United States","Central Asia"
707,"Tiruchchirappalli","Tamil Nadu","United States","Central Asia"
714,"Bhiwandi","Maharashtra","United States","Central Asia"
772,"Cuttack","Odisha","United States","Central Asia"
775,"Ludhiana","Punjab","United States","Central Asia"
847,"Fatehpur","Rajasthan","United States","Central Asia"
866,"Dewas","Madhya Pradesh","United States","Central Asia"
887,"Gorakhpur","Uttar Pradesh","United States","Central Asia"
948,"Faridabad","Haryana","United States","Central Asia"
968,"Korba","Chhattisgarh","United States","Central Asia"
975,"Gujranwala","Punjab","United States","Central Asia"
976,"Anantapur","Andhra Pradesh","United States","Central Asia"
996,"Mathura","Uttar Pradesh","United States","Central Asia"
999,"Gaya","Bihar","United States","Central Asia"
1004,"Kolhapur","Maharashtra","United States","Central Asia"
1038,"Rajkot","Gujarat","United States","Central Asia"
1039,"Satna","Madhya Pradesh","United States","Central Asia"
1046,"Bikaner","Rajasthan","United States","Central Asia"
1047,"Indore","Madhya Pradesh","United States","Central Asia"
1052,"Tirupati","Andhra Pradesh","United States","Central Asia"
1078,"Meerut","Uttar Pradesh","United States","Central Asia"
1117,"Parbhani","Maharashtra","United States","Central Asia"
1126,"Ranchi","Jharkhand","United States","Central Asia"
1132,"Nagercoil","Tamil Nadu","United States","Central Asia"
1136,"Nizamabad","Telangana","United States","Central Asia"
1149,"Bareilly","Uttar Pradesh","United States","Central Asia"
1163,"Puducherry","Puducherry","United States","Central Asia"
1181,"Tirunelveli","Tamil Nadu","United States","Central Asia"
1194,"Ichalkaranji","Maharashtra","United States","Central Asia"
1197,"Firozabad","Uttar Pradesh","United States","Central Asia"
1218,"Ujjain","Madhya Pradesh","United States","Central Asia"
1219,"Asansol","West Bengal","United States","Central Asia"
1220,"Brahmapur","Odisha","United States","Central Asia"
1278,"Rajshahi","Rajshahi","United States","Central Asia"
1329,"Durgapur","Maharashtra","United States","Central Asia"
1346,"Ajmer","Rajasthan","United States","Central Asia"
1359,"Ulhasnagar","Maharashtra","United States","Central Asia"
1368,"Pimpri","Maharashtra","United States","Central Asia"
1410,"Ratlam","Madhya Pradesh","United States","Central Asia"
1415,"Coimbatore","Tamil Nadu","United States","Central Asia"
1420,"Nellore","Andhra Pradesh","United States","Central Asia"
1451,"Bilaspur","Uttar Pradesh","United States","Central Asia"
1460,"Tumkur","Karnataka","United States","Central Asia"
1495,"Raipur","Chhattisgarh","United States","Central Asia"
1496,"Guwahati","Assam","United States","Central Asia"
1513,"Peshawar","Khyber Pakhtunkhwa","United States","Central Asia"
1526,"Aurangabad","Maharashtra","United States","Central Asia"
1529,"Multan","Punjab","United States","Central Asia"
1572,"Patiala","Punjab","United States","Central Asia"
1589,"Kathmandu","Central","United States","Central Asia"
1599,"Darbhanga","Bihar","United States","Central Asia"
1627,"Guntur","Andhra Pradesh","United States","Central Asia"
1656,"Belgaum","Karnataka","United States","Central Asia"
1683,"Bhubaneswar","Odisha","United States","Central Asia"
1693,"Kandahar","Kandahar","United States","Central Asia"
1712,"Islamabad","F.C.T.","United States","Central Asia"
1716,"Rawalpindi","Punjab","United States","Central Asia"
1718,"Mau","Madhya Pradesh","United States","Central Asia"
1723,"Amritsar","Punjab","United States","Central Asia"
1756,"Sylhet","Sylhet","United States","Central Asia"
1760,"Akola","Maharashtra","United States","Central Asia"
1817,"Sargodha","Punjab","United States","Central Asia"
1821,"Bihar Sharif","Bihar","United States","Central Asia"
1823,"Hyderabad","Sindh","United States","Central Asia"
1836,"Hubli","Karnataka","United States","Central Asia"
1850,"Baranagar","West Bengal","United States","Central Asia"
1891,"Jamnagar","Gujarat","United States","Central Asia"
1899,"Sukkur","Sindh","United States","Central Asia"
1902,"Moradabad","Uttar Pradesh","United States","Central Asia"
1963,"Jammu","Jammu and Kashmir","United States","Central Asia"
2064,"Jalalabad","Nangarhar","United States","Central Asia"
2073,"Saharanpur","Uttar Pradesh","United States","Central Asia"
2139,"Srinagar","Uttarakhand","United States","Central Asia"
2231,"Kota","Rajasthan","United States","Central Asia"
2233,"Hisar","Haryana","United States","Central Asia"
2260,"Karimnagar","Telangana","United States","Central Asia"
2261,"Herat","Hirat","United States","Central Asia"
2302,"Warangal","Telangana","United States","Central Asia"
2307,"Dhule","Maharashtra","United States","Central Asia"
2360,"Bahawalpur","Punjab","United States","Central Asia"
2380,"Panihati","West Bengal","United States","Central Asia"
2383,"Raipur","Rajasthan","United States","Central Asia"
2389,"Chandigarh","Chandigarh","United States","Central Asia"
2466,"Mirzapur","Uttar Pradesh","United States","Central Asia"
2487,"Sialkot","Punjab","United States","Central Asia"
2515,"Sangli","Maharashtra","United States","Central Asia"
2518,"Jodhpur","Gujarat","United States","Central Asia"
2530,"Durgapur","West Bengal","United States","Central Asia"
2550,"Bijapur","Karnataka","United States","Central Asia"
2620,"Jalna","Maharashtra","United States","Central Asia"
2657,"Bellary","Karnataka","United States","Central Asia"
2661,"Colombo","Western","United States","Central Asia"
2662,"Mau","Uttar Pradesh","United States","Central Asia"
2697,"Bhatpara","West Bengal","United States","Central Asia"
2707,"Mardan","Khyber Pakhtunkhwa","United States","Central Asia"
2728,"Gulbarga","Karnataka","United States","Central Asia"
2773,"Kamarhati","West Bengal","United States","Central Asia"
2821,"Ganganagar","Rajasthan","United States","Central Asia"
2866,"Panipat","Haryana","United States","Central Asia"
2868,"Udaipur","Tripura","United States","Central Asia"
2986,"Mysore","Karnataka","United States","Central Asia"
3056,"Durg","Chhattisgarh","United States","Central Asia"
3065,"Sonipat","Haryana","United States","Central Asia"
3159,"Hapur","Uttar Pradesh","United States","Central Asia"
3163,"Shimoga","Karnataka","United States","Central Asia"
3189,"Barddhaman","West Bengal","United States","Central Asia"
3223,"Barasat","West Bengal","United States","Central Asia"
3240,"Ghaziabad","Uttar Pradesh","United States","Central Asia"
3276,"Kukatpalli","Telangana","United States","Central Asia"
3282,"Cox’s Bāzār","Chittagong","United States","Central Asia"
3348,"Gujrat","Punjab","United States","Central Asia"
3461,"Rohtak","Haryana","United States","Central Asia"
3466,"Etawah","Uttar Pradesh","United States","Central Asia"
3492,"Ambattur","Tamil Nadu","United States","Central Asia"
3552,"Narsingdi","Dhaka","United States","Central Asia"
3559,"Bharatpur","Rajasthan","United States","Central Asia"
3625,"Latur","Maharashtra","United States","Central Asia"
3634,"Karnal","Haryana","United States","Central Asia"
3647,"Kakinada","Andhra Pradesh","United States","Central Asia"
3697,"Shahjahanpur","Uttar Pradesh","United States","Central Asia"
3735,"New Delhi","Delhi","United States","Central Asia"
22,"Edinburgh","Scotland","United States","North"
23,"Juárez","Chihuahua","United States","North"
58,"Gómez Palacio","Durango","United States","North"
89,"Puebla","Puebla","United States","North"
113,"Guaymas","Sonora","United States","North"
127,"Morelia","Michoacán","United States","North"
137,"Tulancingo","Hidalgo","United States","North"
197,"Mexico City","Distrito Federal","United States","North"
208,"Milpa Alta","Distrito Federal","United States","North"
209,"León","Guanajuato","United States","North"
211,"Coyoacán","Distrito Federal","United States","North"
257,"Espoo","Uusimaa","United States","North"
263,"Cancún","Quintana Roo","United States","North"
275,"Cadereyta","Nuevo León","United States","North"
296,"Villahermosa","Tabasco","United States","North"
298,"Metepec","México","United States","North"
301,"Culiacán","Sinaloa","United States","North"
319,"Azcapotzalco","Distrito Federal","United States","North"
333,"Zapopan","Jalisco","United States","North"
375,"Haninge","Stockholm","United States","North"
403,"Chihuahua","Chihuahua","United States","North"
435,"Mérida","Yucatán","United States","North"
451,"Kristiansand","Vest-Agder","United States","North"
462,"Mexicali","Baja California","United States","North"
485,"Swansea","Wales","United States","North"
495,"Tlaquepaque","Jalisco","United States","North"
500,"Bergen","Hordaland","United States","North"
514,"Saltillo","Coahuila","United States","North"
525,"Monclova","Coahuila","United States","North"
534,"San Luis Potosí","San Luis Potosí","United States","North"
544,"Irapuato","Guanajuato","United States","North"
551,"Torreón","Coahuila","United States","North"
566,"Oslo","Oslo","United States","North"
581,"Tijuana","Baja California","United States","North"
592,"Victoria","Tamaulipas","United States","North"
596,"Ensenada","Baja California","United States","North"
604,"Vantaa","Uusimaa","United States","North"
627,"Reynosa","Tamaulipas","United States","North"
643,"Halmstad","Halland","United States","North"
652,"Poza Rica de Hidalgo","Veracruz","United States","North"
697,"Monterrey","Nuevo León","United States","North"
700,"Tlalpan","Distrito Federal","United States","North"
720,"Tlalnepantla","México","United States","North"
732,"Dublin","Dublin","United States","North"
762,"Stockholm","Stockholm","United States","North"
804,"Santa Catarina","Nuevo León","United States","North"
819,"Cardiff","Wales","United States","North"
821,"Nicolás Romero","México","United States","North"
864,"Nuevo Laredo","Tamaulipas","United States","North"
885,"Tepic","Nayarit","United States","North"
925,"Durango","Durango","United States","North"
930,"Cork","Cork","United States","North"
941,"Guasave","Sinaloa","United States","North"
959,"Villa Frontera","Coahuila","United States","North"
963,"Orizaba","Veracruz","United States","North"
964,"Lázaro Cárdenas","Michoacán","United States","North"
983,"Landskrona","Skåne","United States","North"
984,"Helsinki","Uusimaa","United States","North"
1002,"Guadalajara","Jalisco","United States","North"
1003,"Ciudad del Carmen","Campeche","United States","North"
1005,"Valles","San Luis Potosí","United States","North"
1021,"Hermosillo","Sonora","United States","North"
1032,"Glasgow","Scotland","United States","North"
1037,"Karlstad","Värmland","United States","North"
1057,"Cuernavaca","Morelos","United States","North"
1116,"Apodaca","Nuevo León","United States","North"
1133,"Iguala","Guerrero","United States","North"
1146,"Jiutepec","Morelos","United States","North"
1152,"Toluca","México","United States","North"
1177,"Copenhagen","Hovedstaden","United States","North"
1215,"Madero","Tamaulipas","United States","North"
1236,"Cholula","Puebla","United States","North"
1244,"Celaya","Guanajuato","United States","North"
1249,"Río Bravo","Tamaulipas","United States","North"
1251,"Los Mochis","Sinaloa","United States","North"
1255,"San Pablo de las Salinas","México","United States","North"
1258,"San Andrés Tuxtla","Veracruz","United States","North"
1277,"Atlixco","Puebla","United States","North"
1282,"Querétaro","Querétaro","United States","North"
1293,"General Escobedo","Nuevo León","United States","North"
1315,"Garza García","Nuevo León","United States","North"
1371,"Turku","Finland Proper","United States","North"
1391,"Acuña","Coahuila","United States","North"
1423,"Coacalco","México","United States","North"
1454,"Salamanca","Guanajuato","United States","North"
1506,"Aberdeen","Scotland","United States","North"
1512,"Tecomán","Colima","United States","North"
1517,"Chilpancingo","Guerrero","United States","North"
1522,"Progreso","Yucatán","United States","North"
1539,"Cuajimalpa","Distrito Federal","United States","North"
1540,"Córdoba","Veracruz","United States","North"
1547,"Sandnes","Rogaland","United States","North"
1568,"Frontera","Tabasco","United States","North"
1580,"Drammen","Buskerud","United States","North"
1591,"Ixtapaluca","México","United States","North"
1605,"Miguel Hidalgo","Distrito Federal","United States","North"
1620,"Odense","South Denmark","United States","North"
1622,"Obregón","Sonora","United States","North"
1647,"Clydach","Wales","United States","North"
1655,"Dundee","Scotland","United States","North"
1673,"Heroica Zitácuaro","Michoacán","United States","North"
1745,"Colima","Colima","United States","North"
1788,"Veracruz","Veracruz","United States","North"
1833,"Tehuacán","Puebla","United States","North"
1858,"Uppsala","Uppsala","United States","North"
1881,"Kilwinning","Scotland","United States","North"
1892,"Gothenburg","Västra Götaland","United States","North"
1919,"Galway","Galway","United States","North"
1935,"Guanajuato","Guanajuato","United States","North"
2020,"Piedras Negras","Coahuila","United States","North"
2047,"Miramar","Tamaulipas","United States","North"
2083,"San Cristóbal de Las Casas","Chiapas","United States","North"
2103,"San Francisco del Rincón","Guanajuato","United States","North"
2114,"Cuautitlán","México","United States","North"
2121,"Manzanillo","Colima","United States","North"
2128,"Puerto Vallarta","Jalisco","United States","North"
2167,"Tuxtla Gutiérrez","Chiapas","United States","North"
2173,"San Juan del Río","Querétaro","United States","North"
2210,"Temixco","Morelos","United States","North"
2244,"Salina Cruz","Oaxaca","United States","North"
2252,"Nacka","Stockholm","United States","North"
2256,"Livingston","Scotland","United States","North"
2266,"Chetumal","Quintana Roo","United States","North"
2312,"Lagos de Moreno","Jalisco","United States","North"
2356,"Acayucan","Veracruz","United States","North"
2381,"Hidalgo","Michoacán","United States","North"
2387,"Rosarito","Baja California","United States","North"
2449,"East Kilbride","Scotland","United States","North"
2458,"Guzmán","Jalisco","United States","North"
2470,"Kotka","Kymenlaakso","United States","North"
2535,"La Paz","Baja California Sur","United States","North"
2579,"Solna","Stockholm","United States","North"
2584,"Ocotlán","Jalisco","United States","North"
2619,"Eskilstuna","Södermanland","United States","North"
2685,"Stavanger","Rogaland","United States","North"
2688,"Campeche","Campeche","United States","North"
2711,"Huddinge","Stockholm","United States","North"
2717,"Sahuayo de José María Morelos","Michoacán","United States","North"
2741,"Coatzacoalcos","Veracruz","United States","North"
2765,"Tampico","Tamaulipas","United States","North"
2779,"Delicias","Chihuahua","United States","North"
2812,"Soledad Díez Gutiérrez","San Luis Potosí","United States","North"
2844,"Rhondda","Wales","United States","North"
2870,"Kalundborg","Zealand","United States","North"
2885,"Zacatecas","Zacatecas","United States","North"
2894,"Apatzingán de la Constitución","Michoacán","United States","North"
2906,"Esbjerg","South Denmark","United States","North"
2919,"Fresnillo de González Echeverría","Zacatecas","United States","North"
2945,"Briton Ferry","Wales","United States","North"
2946,"Barry","Wales","United States","North"
2952,"Lund","Skåne","United States","North"
3038,"San Luis Río Colorado","Sonora","United States","North"
3078,"Acámbaro","Guanajuato","United States","North"
3102,"Zihuatanejo","Guerrero","United States","North"
3150,"Valle Hermoso","Tamaulipas","United States","North"
3161,"Teziutlán","Puebla","United States","North"
3181,"Upplands Väsby","Stockholm","United States","North"
3184,"Huixquilucan","México","United States","North"
3191,"Tallaght","South Dublin","United States","North"
3212,"Helsingborg","Skåne","United States","North"
3228,"Melchor Ocampo","México","United States","North"
3237,"Hamar","Hedmark","United States","North"
3239,"Linares","Nuevo León","United States","North"
3302,"Matehuala","San Luis Potosí","United States","North"
3308,"Guamúchil","Sinaloa","United States","North"
3337,"Paisley","Scotland","United States","North"
3382,"Frederiksberg","Hovedstaden","United States","North"
3397,"Cumbernauld","Scotland","United States","North"
3423,"Tapachula","Chiapas","United States","North"
3435,"Silao","Guanajuato","United States","North"
3484,"Sonderborg","South Denmark","United States","North"
3685,"Altotonga","Veracruz","United States","North"
3690,"Randers","Central Jutland","United States","North"
3698,"Izúcar de Matamoros","Puebla","United States","North"
1,"New York City","New York","United States","East"
72,"Philadelphia","Pennsylvania","United States","East"
94,"Lakewood","New Jersey","United States","East"
106,"Everett","Massachusetts","United States","East"
126,"Yonkers","New York","United States","East"
134,"Lancaster","Ohio","United States","East"
151,"Newark","Delaware","United States","East"
158,"Providence","Rhode Island","United States","East"
159,"Long Beach","New York","United States","East"
169,"Columbus","Ohio","United States","East"
206,"Morristown","New Jersey","United States","East"
224,"Newark","Ohio","United States","East"
249,"Jamestown","New York","United States","East"
328,"Bethlehem","Pennsylvania","United States","East"
341,"Cranston","Rhode Island","United States","East"
364,"Lorain","Ohio","United States","East"
420,"Cleveland","Ohio","United States","East"
430,"Dover","New Hampshire","United States","East"
449,"Troy","Ohio","United States","East"
455,"Fairfield","Ohio","United States","East"
458,"Lowell","Massachusetts","United States","East"
494,"Columbia","Maryland","United States","East"
523,"Warwick","Rhode Island","United States","East"
555,"Burlington","Vermont","United States","East"
588,"Rochester","New York","United States","East"
595,"Cincinnati","Ohio","United States","East"
605,"Watertown","New York","United States","East"
644,"Toledo","Ohio","United States","East"
823,"Baltimore","Maryland","United States","East"
842,"Wilmington","Delaware","United States","East"
843,"Fairfield","Connecticut","United States","East"
863,"Manchester","Connecticut","United States","East"
868,"Lawrence","Massachusetts","United States","East"
880,"Marion","Ohio","United States","East"
960,"Franklin","Massachusetts","United States","East"
993,"Plainfield","New Jersey","United States","East"
1006,"Beverly","Massachusetts","United States","East"
1007,"Buffalo","New York","United States","East"
1137,"Meriden","Connecticut","United States","East"
1158,"Lakewood","Ohio","United States","East"
1234,"Parma","Ohio","United States","East"
1243,"Oceanside","New York","United States","East"
1260,"Dublin","Ohio","United States","East"
1271,"Springfield","Ohio","United States","East"
1313,"Belleville","New Jersey","United States","East"
1316,"Concord","New Hampshire","United States","East"
1419,"Perth Amboy","New Jersey","United States","East"
1424,"Bowling Green","Ohio","United States","East"
1428,"Clinton","Maryland","United States","East"
1438,"Chester","Pennsylvania","United States","East"
1461,"Mount Vernon","New York","United States","East"
1510,"Washington","District of Columbia","United States","East"
1530,"Allentown","Pennsylvania","United States","East"
1664,"Waterbury","Connecticut","United States","East"
1730,"Auburn","New York","United States","East"
1749,"Middletown","Connecticut","United States","East"
1761,"Troy","New York","United States","East"
1792,"Medina","Ohio","United States","East"
1890,"Paterson","New Jersey","United States","East"
1923,"Wheeling","West Virginia","United States","East"
1973,"Passaic","New Jersey","United States","East"
2025,"Reading","Pennsylvania","United States","East"
2054,"Revere","Massachusetts","United States","East"
2085,"Mentor","Ohio","United States","East"
2104,"Akron","Ohio","United States","East"
2142,"Utica","New York","United States","East"
2162,"Hempstead","New York","United States","East"
2199,"York","Pennsylvania","United States","East"
2263,"Clifton","New Jersey","United States","East"
2268,"Bangor","Maine","United States","East"
2318,"Quincy","Massachusetts","United States","East"
2323,"Lancaster","Pennsylvania","United States","East"
2332,"Westfield","New Jersey","United States","East"
2388,"New Rochelle","New York","United States","East"
2418,"Freeport","New York","United States","East"
2457,"Hackensack","New Jersey","United States","East"
2467,"Rome","New York","United States","East"
2485,"Bristol","Connecticut","United States","East"
2538,"Holyoke","Massachusetts","United States","East"
2565,"East Orange","New Jersey","United States","East"
2568,"Vineland","New Jersey","United States","East"
2667,"Norwich","Connecticut","United States","East"
2729,"Rockville","Maryland","United States","East"
2744,"Niagara Falls","New York","United States","East"
2770,"Gaithersburg","Maryland","United States","East"
2775,"Kent","Ohio","United States","East"
2803,"Dover","Delaware","United States","East"
2816,"Milford","Connecticut","United States","East"
2896,"Cambridge","Massachusetts","United States","East"
2964,"Grove City","Ohio","United States","East"
2988,"Woonsocket","Rhode Island","United States","East"
3010,"Hamilton","Ohio","United States","East"
3067,"Marlborough","Massachusetts","United States","East"
3099,"Linden","New Jersey","United States","East"
3193,"New Bedford","Massachusetts","United States","East"
3221,"Orange","New Jersey","United States","East"
3248,"Laurel","Maryland","United States","East"
3301,"Leominster","Massachusetts","United States","East"
3326,"Bayonne","New Jersey","United States","East"
3335,"Mason","Ohio","United States","East"
3371,"Malden","Massachusetts","United States","East"
3384,"Andover","Massachusetts","United States","East"
3434,"Lindenhurst","New York","United States","East"
3458,"Shelton","Connecticut","United States","East"
3468,"Hagerstown","Maryland","United States","East"
3616,"Bridgeton","New Jersey","United States","East"
3627,"Altoona","Pennsylvania","United States","East"
3657,"Danbury","Connecticut","United States","East"
3677,"Lewiston","Maine","United States","East"
3679,"Nashua","New Hampshire","United States","East"
3714,"Cuyahoga Falls","Ohio","United States","East"
3741,"New Brunswick","New Jersey","United States","East"
3753,"Atlantic City","New Jersey","United States","East"
3762,"Elyria","Ohio","United States","East"
2,"Wollongong","New South Wales","United States","Oceania"
3,"Brisbane","Queensland","United States","Oceania"
6,"Sydney","New South Wales","United States","Oceania"
7,"Porirua","Wellington","United States","Oceania"
8,"Hamilton","Waikato","United States","Oceania"
17,"Townsville","Queensland","United States","Oceania"
31,"Gold Coast","Queensland","United States","Oceania"
50,"Geraldton","Western Australia","United States","Oceania"
65,"Melbourne","Victoria","United States","Oceania"
81,"Newcastle","New South Wales","United States","Oceania"
83,"Nowra","New South Wales","United States","Oceania"
87,"Perth","Western Australia","United States","Oceania"
101,"Adelaide","South Australia","United States","Oceania"
148,"Mackay","Queensland","United States","Oceania"
154,"Launceston","Tasmania","United States","Oceania"
186,"Wellington","Wellington","United States","Oceania"
198,"Hobart","Tasmania","United States","Oceania"
212,"Manukau City","Auckland","United States","Oceania"
222,"Canberra","Australian Capital Territory","United States","Oceania"
228,"Christchurch","Canterbury","United States","Oceania"
248,"Darwin","Northern Territory","United States","Oceania"
258,"Whyalla","South Australia","United States","Oceania"
276,"Bundaberg","Queensland","United States","Oceania"
291,"Auckland","Auckland","United States","Oceania"
330,"Ballarat","Victoria","United States","Oceania"
344,"Kwinana","Western Australia","United States","Oceania"
355,"Bendigo","Victoria","United States","Oceania"
369,"Masterton","Wellington","United States","Oceania"
370,"Whangarei","Northland","United States","Oceania"
399,"Taupo","Waikato","United States","Oceania"
409,"Alice Springs","Northern Territory","United States","Oceania"
414,"Geelong","Victoria","United States","Oceania"
415,"Whakatane","Bay of Plenty","United States","Oceania"
465,"Queanbeyan","New South Wales","United States","Oceania"
528,"Coffs Harbour","New South Wales","United States","Oceania"
542,"Hastings","Hawke's Bay","United States","Oceania"
549,"Orange","New South Wales","United States","Oceania"
550,"Napier","Hawke's Bay","United States","Oceania"
561,"Sunbury","Victoria","United States","Oceania"
564,"Cairns","Queensland","United States","Oceania"
646,"Murray Bridge","South Australia","United States","Oceania"
660,"Albury","New South Wales","United States","Oceania"
664,"Rockhampton","Queensland","United States","Oceania"
672,"Caloundra","Queensland","United States","Oceania"
677,"New Plymouth","Taranaki","United States","Oceania"
682,"Lismore","New South Wales","United States","Oceania"
686,"Mandurah","Western Australia","United States","Oceania"
715,"Palmerston North","Manawatu-Wanganui","United States","Oceania"
739,"Palmerston","Northern Territory","United States","Oceania"
756,"Devonport","Tasmania","United States","Oceania"
782,"Wagga Wagga","New South Wales","United States","Oceania"
808,"Albany","Western Australia","United States","Oceania"
833,"Waitakere","Auckland","United States","Oceania"
881,"Mount Isa","Queensland","United States","Oceania"
898,"Traralgon","Victoria","United States","Oceania"
902,"Timaru","Canterbury","United States","Oceania"
913,"Toowoomba","Queensland","United States","Oceania"
946,"Upper Hutt","Wellington","United States","Oceania"
1028,"Paraparaumu","Wellington","United States","Oceania"
1035,"Tauranga","Bay of Plenty","United States","Oceania"
1064,"Blenheim","Marlborough","United States","Oceania"
1155,"Port Moresby","National Capital","United States","Oceania"
1160,"Port Macquarie","New South Wales","United States","Oceania"
1161,"Nelson","Nelson","United States","Oceania"
1175,"Griffith","New South Wales","United States","Oceania"
1191,"Gawler","South Australia","United States","Oceania"
1209,"Papakura","Auckland","United States","Oceania"
1229,"Mildura","Victoria","United States","Oceania"
1305,"Mount Gambier","South Australia","United States","Oceania"
1321,"Wodonga","Victoria","United States","Oceania"
1327,"Armidale","New South Wales","United States","Oceania"
1402,"Dunedin","Otago","United States","Oceania"
1407,"Dubbo","New South Wales","United States","Oceania"
1488,"Tamworth","New South Wales","United States","Oceania"
1556,"Katoomba","New South Wales","United States","Oceania"
1564,"Bunbury","Western Australia","United States","Oceania"
1565,"Maryborough","Queensland","United States","Oceania"
1579,"Melton","Victoria","United States","Oceania"
1610,"Gisborne","Gisborne","United States","Oceania"
1649,"Forster","New South Wales","United States","Oceania"
1684,"Broken Hill","New South Wales","United States","Oceania"
1688,"Invercargill","Southland","United States","Oceania"
1707,"Lower Hutt","Wellington","United States","Oceania"
1787,"Rotorua","Bay of Plenty","United States","Oceania"
1864,"Burnie","Tasmania","United States","Oceania"
2029,"Gladstone","Queensland","United States","Oceania"
2035,"Cessnock","New South Wales","United States","Oceania"
2090,"Goulburn","New South Wales","United States","Oceania"
2108,"Torquay","Queensland","United States","Oceania"
2806,"Warrnambool","Victoria","United States","Oceania"
2935,"Echuca","Victoria","United States","Oceania"
3149,"Cambridge","Waikato","United States","Oceania"
3718,"Levin","Manawatu-Wanganui","United States","Oceania"
48,"Seattle","Washington","United States","West"
77,"Henderson","Nevada","United States","West"
149,"North Las Vegas","Nevada","United States","West"
335,"Bellingham","Washington","United States","West"
368,"Lehi","Utah","United States","West"
454,"Avondale","Arizona","United States","West"
480,"Denver","Colorado","United States","West"
568,"Des Moines","Washington","United States","West"
623,"Pueblo","Colorado","United States","West"
645,"Sparks","Nevada","United States","West"
705,"Phoenix","Arizona","United States","West"
717,"Thornton","Colorado","United States","West"
748,"Pleasant Grove","Utah","United States","West"
777,"Glendale","Arizona","United States","West"
820,"Spokane","Washington","United States","West"
835,"Aurora","Colorado","United States","West"
897,"Edmonds","Washington","United States","West"
952,"Orem","Utah","United States","West"
972,"Longmont","Colorado","United States","West"
985,"Las Vegas","Nevada","United States","West"
1026,"Gresham","Oregon","United States","West"
1033,"Reno","Nevada","United States","West"
1074,"Colorado Springs","Colorado","United States","West"
1095,"Great Falls","Montana","United States","West"
1102,"Louisville","Colorado","United States","West"
1134,"Portland","Oregon","United States","West"
1148,"Tucson","Arizona","United States","West"
1184,"Pasco","Washington","United States","West"
1185,"Cheyenne","Wyoming","United States","West"
1235,"Farmington","New Mexico","United States","West"
1242,"Gilbert","Arizona","United States","West"
1259,"Fort Collins","Colorado","United States","West"
1445,"Renton","Washington","United States","West"
1479,"Parker","Colorado","United States","West"
1482,"Boise","Idaho","United States","West"
1533,"Tempe","Arizona","United States","West"
1561,"Provo","Utah","United States","West"
1646,"Redmond","Oregon","United States","West"
1650,"Springfield","Oregon","United States","West"
1667,"Pocatello","Idaho","United States","West"
1689,"Salt Lake City","Utah","United States","West"
1692,"Chandler","Arizona","United States","West"
1705,"Arvada","Colorado","United States","West"
1741,"Peoria","Arizona","United States","West"
1742,"Albuquerque","New Mexico","United States","West"
1806,"Scottsdale","Arizona","United States","West"
1820,"Mesa","Arizona","United States","West"
1834,"Kent","Washington","United States","West"
1939,"Salem","Oregon","United States","West"
1982,"Twin Falls","Idaho","United States","West"
1989,"Yuma","Arizona","United States","West"
2005,"Rio Rancho","New Mexico","United States","West"
2072,"Eugene","Oregon","United States","West"
2105,"Broomfield","Colorado","United States","West"
2153,"Olympia","Washington","United States","West"
2155,"Tigard","Oregon","United States","West"
2311,"Carlsbad","New Mexico","United States","West"
2420,"Helena","Montana","United States","West"
2511,"Missoula","Montana","United States","West"
2548,"Draper","Utah","United States","West"
2700,"Covington","Washington","United States","West"
2864,"Vancouver","Washington","United States","West"
2873,"Murray","Utah","United States","West"
2904,"Las Cruces","New Mexico","United States","West"
2956,"Caldwell","Idaho","United States","West"
3062,"Meridian","Idaho","United States","West"
3074,"Commerce City","Colorado","United States","West"
3127,"Littleton","Colorado","United States","West"
3132,"West Jordan","Utah","United States","West"
3179,"Clovis","New Mexico","United States","West"
3244,"Hillsboro","Oregon","United States","West"
3318,"Englewood","Colorado","United States","West"
3373,"Marysville","Washington","United States","West"
3470,"Sierra Vista","Arizona","United States","West"
3486,"Logan","Utah","United States","West"
3504,"Longview","Washington","United States","West"
3526,"Santa Fe","New Mexico","United States","West"
3600,"Bozeman","Montana","United States","West"
3621,"Medford","Oregon","United States","West"
3648,"Bellevue","Washington","United States","West"
3668,"Redmond","Washington","United States","West"
3687,"Greeley","Colorado","United States","West"
3695,"Billings","Montana","United States","West"
3716,"Loveland","Colorado","United States","West"
3733,"Bullhead City","Arizona","United States","West"
3761,"Layton","Utah","United States","West"
3764,"Everett","Washington","United States","West"
3766,"Auburn","Washington","United States","West"
3771,"Lewiston","Idaho","United States","West"
36,"Mataram","Nusa Tenggara Barat","United States","Southeast Asia"
63,"Palembang","Sumatera Selatan","United States","Southeast Asia"
74,"Bandung","Jawa Barat","United States","Southeast Asia"
80,"Manila","National Capital","United States","Southeast Asia"
104,"Kuantan","Pahang","United States","Southeast Asia"
110,"Bangkok","Bangkok","United States","Southeast Asia"
112,"Tasikmalaya","Jawa Barat","United States","Southeast Asia"
120,"Yogyakarta","Yogyakarta","United States","Southeast Asia"
132,"Medan","Sumatera Utara","United States","Southeast Asia"
133,"Jakarta","Jakarta","United States","Southeast Asia"
135,"Surakarta","Jawa Tengah","United States","Southeast Asia"
147,"Phnom Penh","Phnom Penh","United States","Southeast Asia"
150,"Jambi","Jambi","United States","Southeast Asia"
155,"Marikina","National Capital","United States","Southeast Asia"
167,"Kuala Lumpur","Kuala Lumpur","United States","Southeast Asia"
194,"Surabaya","Jawa Timur","United States","Southeast Asia"
203,"Ho Chi Minh City","Ho Chí Minh City","United States","Southeast Asia"
236,"Singapore","Singapore","United States","Southeast Asia"
240,"Kendari","Sulawesi Tenggara","United States","Southeast Asia"
278,"Manado","Sulawesi Utara","United States","Southeast Asia"
325,"Palu","Sulawesi Tengah","United States","Southeast Asia"
343,"Bacolod City","Western Visayas","United States","Southeast Asia"
382,"Depok","Yogyakarta","United States","Southeast Asia"
392,"Yangon","Yangon","United States","Southeast Asia"
395,"Depok","Jawa Barat","United States","Southeast Asia"
479,"Kota Kinabalu","Sabah","United States","Southeast Asia"
487,"Samarinda","Kalimantan Timur","United States","Southeast Asia"
512,"Bekasi","Jawa Barat","United States","Southeast Asia"
516,"Baguio City","Cordillera","United States","Southeast Asia"
611,"Denpasar","Bali","United States","Southeast Asia"
618,"Semarang","Jawa Tengah","United States","Southeast Asia"
638,"Valenzuela","National Capital","United States","Southeast Asia"
640,"Tegal","Jawa Tengah","United States","Southeast Asia"
650,"Balikpapan","Kalimantan Timur","United States","Southeast Asia"
656,"Antipolo","Calabarzon","United States","Southeast Asia"
702,"Can Tho","Tỉnh Cần Thơ","United States","Southeast Asia"
751,"Ipoh","Perak","United States","Southeast Asia"
758,"Jember","Jawa Timur","United States","Southeast Asia"
790,"Bogor","Jawa Barat","United States","Southeast Asia"
796,"Pematangsiantar","Sumatera Utara","United States","Southeast Asia"
809,"Las Pinas","National Capital","United States","Southeast Asia"
811,"Shah Alam","Selangor","United States","Southeast Asia"
813,"Rach Gia","Kiên Giang","United States","Southeast Asia"
836,"Hanoi","Thủ Dô Hà Nội","United States","Southeast Asia"
845,"Padang","Sumatera Barat","United States","Southeast Asia"
919,"Bacoor","Calabarzon","United States","Southeast Asia"
1101,"Pekanbaru","Riau","United States","Southeast Asia"
1203,"Tawau","Sabah","United States","Southeast Asia"
1287,"Seremban","Negeri Sembilan","United States","Southeast Asia"
1292,"Kupang","Nusa Tenggara Timur","United States","Southeast Asia"
1382,"Jayapura","Papua","United States","Southeast Asia"
1417,"Makati","National Capital","United States","Southeast Asia"
1458,"Dumai","Riau","United States","Southeast Asia"
1557,"Kediri","Jawa Timur","United States","Southeast Asia"
1560,"Malang","Jawa Timur","United States","Southeast Asia"
1690,"Kuching","Sarawak","United States","Southeast Asia"
1691,"Probolinggo","Jawa Timur","United States","Southeast Asia"
1732,"Caloocan","National Capital","United States","Southeast Asia"
1757,"Sandakan","Sabah","United States","Southeast Asia"
1773,"Valencia","Northern Mindanao","United States","Southeast Asia"
1814,"Bengkulu","Bengkulu","United States","Southeast Asia"
1835,"Da Nang","Dà Nang","United States","Southeast Asia"
1842,"Kuala Terengganu","Trengganu","United States","Southeast Asia"
1867,"Pontianak","Kalimantan Barat","United States","Southeast Asia"
1886,"Cainta","Calabarzon","United States","Southeast Asia"
1942,"Angeles City","Central Luzon","United States","Southeast Asia"
1988,"Binjai","Sumatera Utara","United States","Southeast Asia"
2042,"Taytay","Calabarzon","United States","Southeast Asia"
2133,"Purwokerto","Jawa Tengah","United States","Southeast Asia"
2150,"Taiping","Perak","United States","Southeast Asia"
2168,"Pasig","National Capital","United States","Southeast Asia"
2254,"Calamba","Calabarzon","United States","Southeast Asia"
2298,"San Jose del Monte","Central Luzon","United States","Southeast Asia"
2428,"Cirebon","Jawa Barat","United States","Southeast Asia"
2435,"Nakhon Ratchasima","Nakhon Ratchasima","United States","Southeast Asia"
2439,"Pekalongan","Jawa Tengah","United States","Southeast Asia"
2463,"Sukabumi","Jawa Barat","United States","Southeast Asia"
2480,"Tangerang","Jawa Barat","United States","Southeast Asia"
2490,"Nha Trang","Khánh Hòa","United States","Southeast Asia"
2790,"Banda Aceh","Aceh","United States","Southeast Asia"
3060,"Banjarmasin","Kalimantan Selatan","United States","Southeast Asia"
3198,"San Pedro","Calabarzon","United States","Southeast Asia"
3656,"Ambon","Maluku","United States","Southeast Asia"
29,"Santo Domingo","Santo Domingo","United States","Caribbean"
79,"Montréal","Quebec","United States","Canada"
204,"Camagüey","Camagüey","United States","Caribbean"
312,"Santiago de Cuba","Santiago de Cuba","United States","Caribbean"
334,"Guelph","Ontario","United States","Canada"
342,"Guantánamo","Guantánamo","United States","Caribbean"
351,"San Juan de la Maguana","San Juan","United States","Caribbean"
373,"Vancouver","British Columbia","United States","Canada"
398,"Spanish Town","Saint Catherine","United States","Caribbean"
405,"Santa Cruz de Barahona","Barahona","United States","Caribbean"
456,"San José de las Lajas","Mayabeque","United States","Caribbean"
493,"Brampton","Ontario","United States","Canada"
498,"Sancti Spíritus","Sancti Spíritus","United States","Caribbean"
569,"San Pedro de Macorís","San Pedro de Macorís","United States","Caribbean"
597,"La Romana","La Romana","United States","Caribbean"
598,"Fort-de-France","Martinique","United States","Caribbean"
626,"Bayamo","Granma","United States","Caribbean"
641,"Kitchener","Ontario","United States","Canada"
681,"Edmonton","Alberta","United States","Canada"
701,"Matanzas","Matanzas","United States","Caribbean"
704,"Las Tunas","Las Tunas","United States","Caribbean"
728,"San Fernando","San Fernando","United States","Caribbean"
794,"Toronto","Ontario","United States","Canada"
798,"Santa Clara","Villa Clara","United States","Caribbean"
826,"Carrefour","Ouest","United States","Caribbean"
859,"Bridgetown","Saint Michael","United States","Caribbean"
877,"Ciego de Ávila","Ciego de Ávila","United States","Caribbean"
967,"Holguín","Holguín","United States","Caribbean"
1010,"La Vega","La Vega","United States","Caribbean"
1041,"Manzanillo","Granma","United States","Caribbean"
1073,"San Francisco de Macorís","Duarte","United States","Caribbean"
1097,"North York","Ontario","United States","Canada"
1214,"Consolación del Sur","Pinar del Río","United States","Caribbean"
1330,"Nueva Gerona","Isla de la Juventud","United States","Caribbean"
1362,"Mississauga","Ontario","United States","Canada"
1372,"Portmore","Saint Catherine","United States","Caribbean"
1374,"Artemisa","Artemisa","United States","Caribbean"
1387,"London","Ontario","United States","Canada"
1390,"Vaughan","Ontario","United States","Canada"
1422,"Pinar del Río","Pinar del Río","United States","Caribbean"
1440,"Oshawa","Ontario","United States","Canada"
1471,"Palma Soriano","Santiago de Cuba","United States","Caribbean"
1521,"Surrey","British Columbia","United States","Canada"
1604,"Cienfuegos","Cienfuegos","United States","Caribbean"
1617,"Les Abymes","Guadeloupe","United States","Caribbean"
1641,"Santiago de los Caballeros","Santiago","United States","Caribbean"
1642,"Laval","Quebec","United States","Canada"
1674,"Richmond","British Columbia","United States","Canada"
1720,"Contramaestre","Santiago de Cuba","United States","Caribbean"
1767,"Winnipeg","Manitoba","United States","Canada"
1768,"Burnaby","British Columbia","United States","Canada"
1822,"Ottawa","Ontario","United States","Canada"
1840,"Kingston","Ontario","United States","Canada"
1847,"Calgary","Alberta","United States","Canada"
1848,"Whitby","Ontario","United States","Canada"
1870,"Hamilton","Ontario","United States","Canada"
1894,"Cárdenas","Matanzas","United States","Caribbean"
1953,"Moca","Espaillat","United States","Caribbean"
1978,"Regina","Saskatchewan","United States","Canada"
2002,"Gonaïves","Artibonite","United States","Caribbean"
2141,"Chaguanas","Chaguanas","United States","Caribbean"
2171,"Richmond Hill","Ontario","United States","Canada"
2432,"Saanich","British Columbia","United States","Canada"
2471,"Baní","Peravia","United States","Caribbean"
2514,"Markham","Ontario","United States","Canada"
2606,"Puerto Padre","Las Tunas","United States","Caribbean"
2674,"St. Catharines","Ontario","United States","Canada"
2695,"Saskatoon","Saskatchewan","United States","Canada"
2734,"Bajos de Haina","San Cristóbal","United States","Caribbean"
2799,"Moa","Holguín","United States","Caribbean"
2829,"Halifax","Nova Scotia","United States","Canada"
2857,"Abbotsford","British Columbia","United States","Canada"
2969,"Oakville","Ontario","United States","Canada"
2982,"Longueuil","Quebec","United States","Canada"
3005,"Windsor","Ontario","United States","Canada"
3086,"Quebec","Quebec","United States","Canada"
3126,"Peterborough","Ontario","United States","Canada"
3156,"Saint-Laurent","Quebec","United States","Canada"
3200,"Red Deer","Alberta","United States","Canada"
3213,"St. John's","Newfoundland","United States","Canada"
3307,"Waterloo","Ontario","United States","Canada"
3350,"Pickering","Ontario","United States","Canada"
3374,"Dartmouth","Nova Scotia","United States","Canada"
3388,"Coquitlam","British Columbia","United States","Canada"
3505,"Morón","Ciego de Ávila","United States","Caribbean"
3511,"Gatineau","Quebec","United States","Canada"
3540,"Bonao","Monseñor Nouel","United States","Caribbean"
3650,"Brantford","Ontario","United States","Canada"
3674,"Burlington","Ontario","United States","Canada"
3750,"Barrie","Ontario","United States","Canada"
9,"Sacramento","California","United States","West"
27,"Los Angeles","California","United States","West"
32,"Fresno","California","United States","West"
45,"Huntington Beach","California","United States","West"
111,"San Diego","California","United States","West"
119,"Long Beach","California","United States","West"
161,"San Francisco","California","United States","West"
299,"Santa Ana","California","United States","West"
441,"Concord","California","United States","West"
515,"Anaheim","California","United States","West"
539,"Redlands","California","United States","West"
543,"Oakland","California","United States","West"
586,"Santa Barbara","California","United States","West"
593,"San Gabriel","California","United States","West"
737,"Brentwood","California","United States","West"
810,"Westminster","California","United States","West"
870,"Danville","California","United States","West"
935,"Temecula","California","United States","West"
939,"Apple Valley","California","United States","West"
949,"Fairfield","California","United States","West"
1213,"Sunnyvale","California","United States","West"
1381,"Burbank","California","United States","West"
1433,"San Jose","California","United States","West"
1475,"Redondo Beach","California","United States","West"
1515,"Pasadena","California","United States","West"
1583,"Torrance","California","United States","West"
1733,"Inglewood","California","United States","West"
1736,"Pomona","California","United States","West"
1750,"Chula Vista","California","United States","West"
1751,"Riverside","California","United States","West"
1762,"El Cajon","California","United States","West"
1807,"Oxnard","California","United States","West"
1905,"Lakewood","California","United States","West"
1945,"Vallejo","California","United States","West"
1947,"Camarillo","California","United States","West"
1959,"Mission Viejo","California","United States","West"
1972,"Roseville","California","United States","West"
2015,"Lake Forest","California","United States","West"
2027,"Hesperia","California","United States","West"
2038,"San Bernardino","California","United States","West"
2077,"Bakersfield","California","United States","West"
2149,"Pico Rivera","California","United States","West"
2154,"Vacaville","California","United States","West"
2157,"Stockton","California","United States","West"
2175,"Oceanside","California","United States","West"
2214,"Salinas","California","United States","West"
2218,"Costa Mesa","California","United States","West"
2222,"Whittier","California","United States","West"
2230,"Morgan Hill","California","United States","West"
2296,"Murrieta","California","United States","West"
2310,"Santa Maria","California","United States","West"
2368,"Ontario","California","United States","West"
2386,"Lake Elsinore","California","United States","West"
2433,"Manteca","California","United States","West"
2444,"Moreno Valley","California","United States","West"
2524,"Redding","California","United States","West"
2544,"Woodland","California","United States","West"
2572,"Rancho Cucamonga","California","United States","West"
2593,"Chico","California","United States","West"
2623,"Encinitas","California","United States","West"
2641,"Visalia","California","United States","West"
2704,"La Mesa","California","United States","West"
2713,"Lancaster","California","United States","West"
2796,"San Mateo","California","United States","West"
2887,"Citrus Heights","California","United States","West"
3093,"Laguna Niguel","California","United States","West"
3112,"Coachella","California","United States","West"
3203,"Modesto","California","United States","West"
3238,"La Quinta","California","United States","West"
3267,"Santa Clara","California","United States","West"
3317,"Lodi","California","United States","West"
3320,"Thousand Oaks","California","United States","West"
3409,"Redwood City","California","United States","West"
3420,"San Clemente","California","United States","West"
3439,"Montebello","California","United States","West"
3473,"Yucaipa","California","United States","West"
3543,"Antioch","California","United States","West"
3557,"Escondido","California","United States","West"
3664,"Davis","California","United States","West"
3704,"Dublin","California","United States","West"
3768,"San Luis Obispo","California","United States","West"
35,"Stockton-on-Tees","England","United States","North"
39,"Huddersfield","England","United States","North"
64,"London","England","United States","North"
146,"Harrogate","England","United States","North"
177,"West Bromwich","England","United States","North"
179,"Burnley","England","United States","North"
200,"Preston","England","United States","North"
214,"Newcastle upon Tyne","England","United States","North"
225,"Cambridge","England","United States","North"
271,"Tamworth","England","United States","North"
359,"Dudley","England","United States","North"
365,"Stoke-on-Trent","England","United States","North"
417,"Colchester","England","United States","North"
423,"Rugby","England","United States","North"
433,"York","England","United States","North"
469,"Blackpool","England","United States","North"
482,"Crawley","England","United States","North"
526,"Worthing","England","United States","North"
599,"Kingswood","England","United States","North"
601,"Leeds","England","United States","North"
628,"Chester","England","United States","North"
642,"Hastings","England","United States","North"
669,"Wolverhampton","England","United States","North"
685,"Nottingham","England","United States","North"
709,"Woking","England","United States","North"
742,"Reading","England","United States","North"
747,"Carlisle","England","United States","North"
761,"Sheffield","England","United States","North"
802,"Doncaster","England","United States","North"
812,"Birmingham","England","United States","North"
830,"Derby","England","United States","North"
844,"Littlehampton","England","United States","North"
853,"Stourbridge","England","United States","North"
856,"Bognor Regis","England","United States","North"
862,"South Shields","England","United States","North"
874,"Farnborough","England","United States","North"
907,"Slough","England","United States","North"
929,"Rotherham","England","United States","North"
962,"Hartlepool","England","United States","North"
980,"Sunderland","England","United States","North"
987,"Bath","England","United States","North"
990,"Gateshead","England","United States","North"
1048,"Wigan","England","United States","North"
1054,"Leicester","England","United States","North"
1113,"Bradford","England","United States","North"
1142,"Great Yarmouth","England","United States","North"
1156,"Coventry","England","United States","North"
1167,"Exeter","England","United States","North"
1172,"Harrow","England","United States","North"
1202,"Portsmouth","England","United States","North"
1210,"Watford","England","United States","North"
1225,"Chelmsford","England","United States","North"
1227,"Ashford","England","United States","North"
1245,"Mansfield","England","United States","North"
1306,"Bolton","England","United States","North"
1385,"Liverpool","England","United States","North"
1394,"Manchester","England","United States","North"
1404,"Middlesbrough","England","United States","North"
1406,"Gloucester","England","United States","North"
1430,"Basildon","England","United States","North"
1441,"Crewe","England","United States","North"
1473,"Northampton","England","United States","North"
1489,"Worcester","England","United States","North"
1534,"Letchworth","England","United States","North"
1550,"Aylesbury","England","United States","North"
1553,"Warrington","England","United States","North"
1563,"Peterborough","England","United States","North"
1574,"Lowestoft","England","United States","North"
1596,"Widnes","England","United States","North"
1630,"Waterlooville","England","United States","North"
1634,"Dewsbury","England","United States","North"
1651,"Dartford","England","United States","North"
1666,"Poole","England","United States","North"
1748,"Cheshunt","England","United States","North"
1754,"Torquay","England","United States","North"
1763,"Birkenhead","England","United States","North"
1808,"Margate","England","United States","North"
1830,"Brighton","England","United States","North"
1838,"Maidenhead","England","United States","North"
1862,"Wallasey","England","United States","North"
1874,"Guildford","England","United States","North"
1879,"Luton","England","United States","North"
1974,"Wakefield","England","United States","North"
1979,"Walsall","England","United States","North"
1995,"Halesowen","England","United States","North"
2011,"Lincoln","England","United States","North"
2012,"Washington","England","United States","North"
2014,"Southend-on-Sea","England","United States","North"
2093,"Blackburn","England","United States","North"
2123,"Bedford","England","United States","North"
2134,"Oxford","England","United States","North"
2146,"Bournemouth","England","United States","North"
2177,"Norwich","England","United States","North"
2205,"Eastbourne","England","United States","North"
2212,"Rottingdean","England","United States","North"
2243,"Rochdale","England","United States","North"
2278,"Hereford","England","United States","North"
2301,"Northwich","England","United States","North"
2304,"Dunstable","England","United States","North"
2350,"Bristol","England","United States","North"
2412,"Halifax","England","United States","North"
2415,"Solihull","England","United States","North"
2448,"Ipswich","England","United States","North"
2501,"Sale","England","United States","North"
2510,"Southport","England","United States","North"
2558,"Basingstoke","England","United States","North"
2575,"Chesterfield","England","United States","North"
2577,"Hove","England","United States","North"
2589,"Shrewsbury","England","United States","North"
2592,"Weston-super-Mare","England","United States","North"
2601,"Redditch","England","United States","North"
2633,"Kettering","England","United States","North"
2639,"Stockport","England","United States","North"
2642,"Swindon","England","United States","North"
2690,"Oldham","England","United States","North"
2693,"Plymouth","England","United States","North"
2703,"Barnsley","England","United States","North"
2832,"Loughborough","England","United States","North"
2835,"Darton","England","United States","North"
2853,"Clacton-on-Sea","England","United States","North"
2949,"Hinckley","England","United States","North"
2979,"Hemel Hempstead","England","United States","North"
2996,"Fareham","England","United States","North"
3050,"Nuneaton","England","United States","North"
3058,"High Wycombe","England","United States","North"
3070,"Runcorn","England","United States","North"
3077,"Taunton","England","United States","North"
3106,"Chatham","England","United States","North"
3137,"Maidstone","England","United States","North"
3222,"Bury","England","United States","North"
3270,"Harlow","England","United States","North"
3306,"Gillingham","England","United States","North"
3325,"Bideford","England","United States","North"
3339,"Gosport","England","United States","North"
3375,"Bracknell","England","United States","North"
3394,"Cheltenham","England","United States","North"
3429,"Stafford","England","United States","North"
3477,"Dronfield","England","United States","North"
3489,"Ferndown","England","United States","North"
3521,"Chapel Allerton","England","United States","North"
3551,"Darlington","England","United States","North"
3605,"Kidderminster","England","United States","North"
3659,"Morley","England","United States","North"
3660,"Gravesend","England","United States","North"
